Playlist Name,Playlist ID
My 2024 Playlist in a Bottle,3HEYSg7n18a0aiyWjWKEOr
Sugar (2024) | Apple TV+ OST/Soundtrack Playlist,5K1TBcrzIDtqAfZsHyTV7i
The Matrix Soundtrack,1ajovwTqrfeMBiytNq2Yrg
30th Century Records,5jF0BJaq5Jf6yXAUVUJise
Danger Mouse Hip Hop Mix,73e4ZUiAflx407uYEbM9hS
Beatles Album X,49eIFI1PrYqxBsxrZTO1vM
Sud Italia,2ulc0Bj2m1MSgWvPGr9IjO
A T H E N Œ£,5PvYKm3hnIjAJM4J5QfA0D
007 - James Bond Theme Songs Collection,4qZq7OpsC1908XPKEFb9uZ
My recommendation playlist,0Y6A7aQsz8DKp0wlyYAm5H
Kotera,020C6Z15wUcY2q0tAfxOU4
Sandro Gianni,3FpY3XT9PZjXaUciWHAFsV
Martin Freeman & Eddie Piller present Jazz On The Corner,29eOH5jAFnHXYfw4vRA3Gq
Eternal Disco,5CiUGql9fnwbh381A2xgso
Latino Apo Patisia,2al5ISFEGfL3frtpMOjhhk
Deutsch,09SKYnMjkCNbEbji2cWvxz
My Greek Gig,76lSxvURkqk1uIHv7KJZRF
Krzysztof Kie≈õlowski,1kZ5fHBUVNLt2qwySGc1P1
Luxembourg ,7e2W9hqCWmay98OnmcaE6h
Late night puzzle,7hD97lZ5nYmYIzjashV36W
Meta-Greek,2YVwdE1Kkbh31wqd633mAN
Poems,1GTKAg8oqrREMa2Pv2nB56
Big noses big problems,776ZFQPe16GypHyth0oYGw
Move your ass,5XrM8DnJ43lE6zv3hFcKww
Looking out of the running window,3ROUu0JMOfNPdRtlZtWr4E
Romance ,6HwZWlaUhgOxWqxzm74dEh
Ntau Vibes,6X4WrA8OYE4pXe9YcSd2YV
Eva 2.0,7xBNUk1AxmXXcBjGAFKdRY
Learn to Play,7ikedUusYVfayLRZDF8reN
Foals Prague 2023,3w1PlbnooVRwLLwjhHtY7z
U Bukan√Ωra,3KmnQwPQ7h8lHPwpRIUfnA
Groovy,5zNotyv1JoD3MJZ9Sw5LSe
"F,C & Samba",0Bmfg4D00oW68oJtVxeStb
Laica ,2avBYfPWOMCaMx4wEqz5pd
ŒùŒ±œÖœÑŒπŒ∫Œ¨,2popTZMyEq7OCA4uK2JFZj
Cicadas and Sunscreen ,7lbeSmrMpdk1MjnXII4v34
Sex,38fB4qIbyuHOoBpi7HX5Jt
Sailing ‚õµÔ∏è ,4phTsV1Cu0kqSppqacm1dp
Blue Sunday ,4BaDy11vEe3sL7eOA6Oect
GROMACS,4oj41X9tgIAJuLgfWPq6ZX
Zone out üõ∏ ,3FSS25oMw1X8SS7IdVvOMY
,09whUCpilv9b29IS4VSaVf
Espa√±a üíÉ ,47E1hVmQiNkBbey5dNgNDB
Party üéâ ,4DDG3CRnPOAu5KOotu5q7U
80s,1A6DBOLW2afC9CzJjpeQxQ
Bermondsey evenings ,2qAEi0feJul3vGScjpemeq
Italia üõµ ,3WT5Q2ONQPXbCcCL2D4Qr5
Africa,2jcpZ1RKufFcUpCZwrnqHo
Vacaciones - Sep 2019,2YZo4mqziRB2ZUe6eAxdDy
And the sky is red,6zz8l2CPET9W6LFv0zldVs
Soundtracks üé• ,5EdY3cMiPDlxK1S9HTlTA6
Doggy,7hw8sNKxo1gdFD6npgRGWF
El classico,5Bck6vQp0pXYHqQEYtuM9E
Guitara,0MDokVOxK5FU5NAdWEPssE
Costa Oeste,3HlwLtV57EGo3X5Zqi69pz
Pre-Greek,1SyfEvXOCFthx9UonUYJU7
Al Este,4NnDGYK5i2HpiI5SKRCdz1
Jazz,10wHntxgIKoaYjn8epXzcM
PüëÅP,02xBohqNZxZlYioDvoOO7S
"Sex, Drugs and Rock n' Roll",2kyI8pLwMDfHdHIdVv8ERW
Œ¶anky & G-tonic üç∏ ,7r3VapF3nVThQfif0UqJQg
undefined,6C5Ss1vHj6KBohFOdGzKl1
Rimes ,34IFuVy7ig14kASKHwxEdS
Œ†ŒëŒ§Œ°ŒôŒùŒü ŒöŒëŒ°ŒùŒëŒíŒëŒõŒô,5pqG4B85HMzeDdzCriwveX
Al Sur de Sur,6GfvPDGd1OmJRKZkr7pdVZ
Greco,2YEsrKYbUCt7rrPt0px7Tl
