Album Name,Artists,Release Date,Popularity,Image URL
Transformations,"Manos Hadjidakis, K. BHTA",2003-01-01,9,https://i.scdn.co/image/ab67616d0000b2735fb1ea7074cd8c9bdb7bb446
Thursday Afternoon,Panagiotis Kalantzopoulos,2004-01-01,2,https://i.scdn.co/image/ab67616d0000b27375c5527c5ef77fe86aed7b6f
Gia Pada Mazi,Giannis Parios,2009-03-04,13,https://i.scdn.co/image/ab67616d0000b2736ac88c56c41cc07bc6eed25c
Lágrimas Negras,"Bebo Valdés, Diego El Cigala",2014-04-25,46,https://i.scdn.co/image/ab67616d0000b27361cbfc5663516f4716b679e3
Summertime in Prague,"Panagiotis Kalantzopoulos, Elli Paspala",2008-05-11,17,https://i.scdn.co/image/ab67616d0000b273642c13234c80eb0ab5e9cbc6
Up and Away,"Σtella, Redinho",2022-06-17,63,https://i.scdn.co/image/ab67616d0000b2735fde798f6842d0ccc57c4bba
Ciudad De Las Ideas,Vicente Amigo,2000-09-21,37,https://i.scdn.co/image/ab67616d0000b273255548f067878d83dff68f8e
Paramythia,Sokratis Malamas,2009-02-27,24,https://i.scdn.co/image/ab67616d0000b2736825e956e63f00b3486e947a
"O,Ti Aneveni Kateveni (Remastered)",Giorgos Marinos,1985-03-13,1,https://i.scdn.co/image/ab67616d0000b2730cc6c1ca334cce12df701125
Ultraviolence (Deluxe),Lana Del Rey,2014-01-01,80,https://i.scdn.co/image/ab67616d0000b2731624590458126fc8b8c64c2f
To Kati,Katy Garbi,2000,36,https://i.scdn.co/image/ab67616d0000b27342b129aee298de760d671586
Assume Form,James Blake,2019-01-18,39,https://i.scdn.co/image/ab67616d0000b273534dc6aebb7cf3c04e410cc6
Me Stoma Pou Gela,"Thanasis Papakonstantinou, Sokratis Malamas",2018-02-15,27,https://i.scdn.co/image/ab67616d0000b2737ac6593e76a28eaa3ce03a3c
Halia,Fivos Delivorias,1998-07-06,31,https://i.scdn.co/image/ab67616d0000b27323b1a7a9b33a560bec627f0c
To Kourema,Dionysis Savvopoulos,1989,9,https://i.scdn.co/image/ab67616d0000b2739adbea0402748613a158c742
Me ta Matia Kleista,"Panagiotis Kalantzopoulos, Giota Negka",2003-10-03,9,https://i.scdn.co/image/ab67616d0000b2736ba7b14585320fd4b128cbc4
Romancero Gitano Tou F. G. Lorca (Kai Tessera Alla Tragoudia),Arleta,2007-10-08,13,https://i.scdn.co/image/ab67616d0000b2739374d56c00da153f434e67e2
Volume 2 (Mandolin Orchestra City of Milan),"Orchestra a plettro Citta' di Milano, Mandolin Orchestra City of Milan",2003,0,https://i.scdn.co/image/ab67616d0000b273e9138315b87932eb04a1062b
The Exciting Sounds of Menahan Street Band,Menahan Street Band,2021-02-26,57,https://i.scdn.co/image/ab67616d0000b273023f867f681febb140fdcc21
More (Original Film Sountrack) [2011 - Remaster] [2011 Remastered Version],Pink Floyd,1969-06-13,19,https://i.scdn.co/image/ab67616d0000b2737278b9a8326c2fd8b8909a2e
Purple Rain,Prince,1984-06-25,11,https://i.scdn.co/image/ab67616d0000b273d52bfb90ee8dfeda8378b99b
Hapopsis,Yiotis Kiourtsoglou,2022-12-09,1,https://i.scdn.co/image/ab67616d0000b273648fc543d0c9f587e3a52ec6
A Greek in Dixieland,Gus Vali and His Orchestra,2015-03-20,0,https://i.scdn.co/image/ab67616d0000b2733e436298ffc8cf9955d57b28
Goin' Back To New Orleans,Dr. John,1992-06-12,27,https://i.scdn.co/image/ab67616d0000b273ab4db1bbe4ba05ad179fa764
Per incantamento,Ghetonia,1998-01-01,7,https://i.scdn.co/image/ab67616d0000b27398d6ee5732d0ef1671802f0f
Naxatras,Naxatras,2015-04-26,33,https://i.scdn.co/image/ab67616d0000b273037fb18ebb0315b5721cf3fe
The President,MonoNeon,2024-01-02,2,https://i.scdn.co/image/ab67616d0000b273c26c3cff27a43e710ea157f7
DROMOS,DROMOS bouzouki band,2004-08-31,11,https://i.scdn.co/image/ab67616d0000b273e9460db7ea0623075cd2b858
Λίγα Σπίτια Στο Λιμάνι,Νίκος Οικονομίδης,2014-01-01,24,https://i.scdn.co/image/ab67616d0000b273ff0cd5b07d6c9a0964ec659a
Premier degré,Johan Papaconstantino,2023-03-03,32,https://i.scdn.co/image/ab67616d0000b2739a30c503247be780fcfa3ecb
Mahal,Glass Beams,2024-03-22,49,https://i.scdn.co/image/ab67616d0000b273d4c3b01f1977fcc76cf89474
Fragments,Bonobo,2022-01-14,54,https://i.scdn.co/image/ab67616d0000b273226e702d1878d4a44b273980
Rome,"Danger Mouse, Daniele Luppi",2011-05-16,44,https://i.scdn.co/image/ab67616d0000b273574860379dd3dd615ec3bb7b
Circles,Mac Miller,2020-01-17,71,https://i.scdn.co/image/ab67616d0000b27326b7dd89810cc1a40ada642c
Small Changes,Michael Kiwanuka,2024-11-22,59,https://i.scdn.co/image/ab67616d0000b2738828d629678a9d9d15d22d5b
Manouche De Grec,Gadjo Dilo,2013-08-07,25,https://i.scdn.co/image/ab67616d0000b2736e2ff736175925c15674657b
13.000 Meres,Sokratis Malamas,2007-09-10,15,https://i.scdn.co/image/ab67616d0000b273f7de872759b1c6257d654dbf
Sokratis Malamas,Sokratis Malamas,2008-05-14,39,https://i.scdn.co/image/ab67616d0000b27390eb7df0630b8a8276c1cda6
To Adio Domatio - Afigisi II,Sokratis Malamas,2014-01-01,7,https://i.scdn.co/image/ab67616d0000b273035b48bc98d6b7f8ca3a6c27
From Zero,Linkin Park,2024-11-15,81,https://i.scdn.co/image/ab67616d0000b273b11a5489e8cb11dd22b930a0
Ohio Players (Trophy Edition),The Black Keys,2024-11-15,49,https://i.scdn.co/image/ab67616d0000b27312abe7ebafbed04dac15ebe5
O Pyrinas (Live),Dionysis Savvopoulos,2007-01-01,8,https://i.scdn.co/image/ab67616d0000b2738ea3c5fc1e239ae01831debe
Moon Safari,Air,1998-01-16,61,https://i.scdn.co/image/ab67616d0000b2731216e4f7e84af70ef18146ed
Changes (The Instrumentals),"Charles Bradley, Menahan Street Band",2017-05-26,30,https://i.scdn.co/image/ab67616d0000b273cdf30b6bd4913f4fc01dd21b
Indian Ocean,Frazey Ford,2014-10-14,58,https://i.scdn.co/image/ab67616d0000b2733ddd4bb596b436920330a048
The Meltdown,The Meltdown,2017-04-07,56,https://i.scdn.co/image/ab67616d0000b273ce788fda3373dd9b9974224d
Lowdown,Michael Kiwanuka,2024-09-12,32,https://i.scdn.co/image/ab67616d0000b273f56205cf7b5f47de7f01df7c
Facce,Rosapaeda,1998-10-22,1,https://i.scdn.co/image/ab67616d0000b273883973cf85bb32043dd7d7a4
Antologia,Nuova Compagnia Di Canto Popolare,1999-01-01,25,https://i.scdn.co/image/ab67616d0000b273745e1577f8e704121b45c0f4
Shadows,Floating Points,2011-11-21,29,https://i.scdn.co/image/ab67616d0000b27379b8d29aef430e2a00ce8b63
Liquid Spirit,Gregory Porter,2014-11-01,40,https://i.scdn.co/image/ab67616d0000b2731a5b559ef8a73cf7d08c8593
Brave Faces Everyone,Spanish Love Songs,2020-02-07,38,https://i.scdn.co/image/ab67616d0000b273b649f5aac1135562aa25fc49
How You Sell Soul to a Soulless People Who Sold Their Soul?,Public Enemy,2007-08-07,50,https://i.scdn.co/image/ab67616d0000b2732acb820332d5f37cd536cc98
It Takes A Thief: The Very Best Of Thievery Corporation,Thievery Corporation,2010-09-21,30,https://i.scdn.co/image/ab67616d0000b273df75125e64cf690b8c687923
Bando Stone and The New World,Childish Gambino,2024-07-19,62,https://i.scdn.co/image/ab67616d0000b27305c9a49574cc249f1c5405ab
Rags To Rufus,Rufus & Chaka Khan,1974-01-01,42,https://i.scdn.co/image/ab67616d0000b27342291128b404448866c8a557
...Nothing Like The Sun,Sting,1987-10-16,63,https://i.scdn.co/image/ab67616d0000b273d0c7c131a979c9e5436f89ce
From The Mind Of,Pat Bedeau,2019-05-10,1,https://i.scdn.co/image/ab67616d0000b2736b9b494f51ffac59a0d98875
What Kinda Music,"Tom Misch, Yussef Dayes",2020-04-24,55,https://i.scdn.co/image/ab67616d0000b273bd93bbf0c3df5e0242b84831
A Sky Without Stars,ELIZA,2022-09-16,50,https://i.scdn.co/image/ab67616d0000b273c50440b59d005da681b8cfc6
Unknown Pleasures,Joy Division,1979-06-15,46,https://i.scdn.co/image/ab67616d0000b27327cc8b0ed297111f53009772
Black Classical Music,Yussef Dayes,2023-09-08,52,https://i.scdn.co/image/ab67616d0000b2738d4db6f2356f933e0321633f
Gentleman,Fela Kuti,1973-01-01,31,https://i.scdn.co/image/ab67616d0000b273b39f685cb46d3f597f6c5042
Ta Tragoudia Tou Alekou Sakellariou,Various Artists,2004-11-15,10,https://i.scdn.co/image/ab67616d0000b273f134b99427ed6a22828a580f
Could We Be More,Kokoroko,2022-08-05,44,https://i.scdn.co/image/ab67616d0000b2739a791fef4cb18f269cdcd9e3
TO XERI,K. BHTA,2024-05-17,16,https://i.scdn.co/image/ab67616d0000b2739ccdbc6726e68ded83925ba0
ALPHA,Charlotte Day Wilson,2021-07-09,45,https://i.scdn.co/image/ab67616d0000b27399b7a2975680d936013daf4b
It's a Process,Coco O.,2021-04-30,31,https://i.scdn.co/image/ab67616d0000b2733b32e0fdc9a6e9f161bee318
Multi-Love,Unknown Mortal Orchestra,2015-05-26,47,https://i.scdn.co/image/ab67616d0000b273dad8074eb0c60a82d1d8973c
Grammes Ton Orizodon,Thanos Mikroutsikos,2003-11-03,30,https://i.scdn.co/image/ab67616d0000b273138719dec8913fae6f79b381
Das andere Gesicht,Costa Cordalis,1999-06-28,9,https://i.scdn.co/image/ab67616d0000b2733bc2b5bc6f68e7835049bca9
Blood Sugar Sex Magik (Deluxe Edition),Red Hot Chili Peppers,1991-09-24,72,https://i.scdn.co/image/ab67616d0000b273153d79816d853f2694b2cc70
2.0 (Mousiki Apo Tin Parastasi Tou Dimitri Papaioannou),K. BHTA,2006-12-08,21,https://i.scdn.co/image/ab67616d0000b273525ccaae78d934faf6f1498a
Meta,"Dimitra Galani, K. BHTA",2001,14,https://i.scdn.co/image/ab67616d0000b273b32add7feb502f48942d23d1
Aura,Katerina Papadopoulou,2024-01-19,2,https://i.scdn.co/image/ab67616d0000b273e958cf9cfddbbaa5330e745d
The Archer,Alexandra Savior,2020-01-10,48,https://i.scdn.co/image/ab67616d0000b27386e1d809ad483a6f471d5fc4
Λύκοι στον Άρη,"Pan Pan, Years Of Youth",2024-01-19,26,https://i.scdn.co/image/ab67616d0000b27307b079c75317d3fbdcfd3a7d
Antikatoptrismoi,"Manos Hadjidakis, Aliki Kagialoglou",1993-01-01,15,https://i.scdn.co/image/ab67616d0000b27301a77d325161e6a620480cd9
Paolo Conte Live (Apo Ti Sinavlia Sto Pallas),"Haris Alexiou, Paolo Conte",2014-01-01,3,https://i.scdn.co/image/ab67616d0000b27328979d965409d7c692aed576
Afro Fado,Slow J,2023-11-24,54,https://i.scdn.co/image/ab67616d0000b273f19929189af1ce50e3df2c50
Kimosabè,DOPE LEMON,2023-09-29,0,https://i.scdn.co/image/ab67616d0000b273b50dcc056ab7d9a180539f57
SOMNUM,HÆLOS,2023-07-05,16,https://i.scdn.co/image/ab67616d0000b273ce6ced340b310d7dde503348
The world within our bedrooms,Drug Store Romeos,2021-07-09,37,https://i.scdn.co/image/ab67616d0000b273e8b06a04041f9e15c81b91b2
Now You're Moving,Drug Store Romeos,2019-10-03,19,https://i.scdn.co/image/ab67616d0000b273e74681db0cca412656464460
The Budos Band,The Budos Band,2005-11-29,51,https://i.scdn.co/image/ab67616d0000b2737f32595bfa8417eb2489c10d
The Callas,The Callas,2009-04-01,2,https://i.scdn.co/image/ab67616d0000b27380c8f09360e4c4ab1a85d057
Είμαι Ένα Ξενοδοχείο,The Callas,2020-10-23,13,https://i.scdn.co/image/ab67616d0000b27367b45fa68474b968bb8a97b0
Plaisirs d'amour,René Aubry,1998-10-09,46,https://i.scdn.co/image/ab67616d0000b2736219cb49fe3b85a56c416e5e
Movement in Place,Whereswilder,2021-11-12,3,https://i.scdn.co/image/ab67616d0000b273f92fa9cd88ad4328c30b9c57
Manos Loizos Meta,Manos Loizos,2022-09-16,0,https://i.scdn.co/image/ab67616d0000b273e1444f5679bd9ea149f3ba45
Nebraska,Bruce Springsteen,1982-09-30,47,https://i.scdn.co/image/ab67616d0000b2738935cadb8e3e20d9fab4582e
Powell & Pratt,"Baden Powell, Jimmy Pratt",2020-10-01,20,https://i.scdn.co/image/ab67616d0000b27325dba589353cc295b5d84ea3
Nicostratos le Pelican (Original Soundtrack),"Panagiotis Kalantzopoulos, Panayotis Κalantzopoulos",2011-06-01,0,https://i.scdn.co/image/ab67616d0000b2734bc656b104ed8cd71e24f743
falling or flying,Jorja Smith,2023-09-29,53,https://i.scdn.co/image/ab67616d0000b273c2ac5aca1a22a5668148f233
Born Again,"Danger Mouse, Jemini the Gifted One",2004-08-25,23,https://i.scdn.co/image/ab67616d0000b273e53f103c3dc2221e9f433685
Samba Tsikita,Rena Morfi,2020-02-28,29,https://i.scdn.co/image/ab67616d0000b273ee9ca8f236bdd33e27ead430
Souli Anatoli,Rena Morfi,2016-05-27,30,https://i.scdn.co/image/ab67616d0000b27354e8b6050925172e396b3851
30 Nihterina (Remastered),Manos Hadjidakis,1983-11-21,37,https://i.scdn.co/image/ab67616d0000b2738f7ab580a77a484f7f8acd1c
The Classical Mikis Theodorakis,Mikis Theodorakis,2021-03-08,1,https://i.scdn.co/image/ab67616d0000b2733909e69ca520413b4e81717d
Beethoven for Three: Symphonies Nos. 2 and 5,"Ludwig van Beethoven, Yo-Yo Ma, Leonidas Kavakos, Emanuel Ax",2022-03-04,11,https://i.scdn.co/image/ab67616d0000b273a4c28af5065bfdb614fc486e
Aquamarine (feat. Michael Kiwanuka),"Danger Mouse, Black Thought, Michael Kiwanuka",2022-07-13,0,https://i.scdn.co/image/ab67616d0000b2738349eaa4621482a6c1bb26ba
The New Abnormal,The Strokes,2020-04-10,71,https://i.scdn.co/image/ab67616d0000b273bfa99afb5ef0d26d5064b23b
Mediterraneo,Jovanotti,2022-04-01,2,https://i.scdn.co/image/ab67616d0000b273b34574ebc559227370cf55ac
Jazzmatazz Volume 1,Guru,1993-01-01,51,https://i.scdn.co/image/ab67616d0000b273423fc787b53e081679cfc4c0
La Leyenda Del Tiempo (Edicion 35º Aniversario),Camaron De La Isla,2013-01-01,38,https://i.scdn.co/image/ab67616d0000b2739a79a591e5b5a7a3d49b4b1f
Bar Mediterraneo,Nu Genea,2022-07-15,42,https://i.scdn.co/image/ab67616d0000b273c1525d75c3db0cd719cdf063
Easter Holiday in Spain. Drum and Trumpet Band,Various Artists,2012-03-06,0,https://i.scdn.co/image/ab67616d0000b273775e5ae9ca934975dc81d9bc
Lost Souls,Spaccanapoli,2000,24,https://i.scdn.co/image/ab67616d0000b273e61ac79c84fa1b1177ca3e8f
"Manouche De Grec, Vol. II",Gadjo Dilo,2016-10-31,26,https://i.scdn.co/image/ab67616d0000b273f21386974e166aa8cb2aad84
Nuova Napoli,Nu Genea,2018-05-01,44,https://i.scdn.co/image/ab67616d0000b273cc9c8da874cc0aa82d67f7b2
Dance Fever,Florence + The Machine,2022-05-13,60,https://i.scdn.co/image/ab67616d0000b2735fd9e21618182df7d70b2186
Pame Mia Volta Sto Fegari,Manos Hadjidakis,1984,11,https://i.scdn.co/image/ab67616d0000b2730ff076d4c92406885cf8512a
Us - A COLORS SHOW,FKJ,2022-10-24,40,https://i.scdn.co/image/ab67616d0000b273748ed78714552066d38993aa
Mordechai Remixes,Khruangbin,2021-08-06,40,https://i.scdn.co/image/ab67616d0000b27357ff9ea563f7203f2c7d4141
Hijos Del Sol,Hermanos Gutiérrez,2020-09-25,0,https://i.scdn.co/image/ab67616d0000b273b6d50693729b4c2a31f647bb
Aspra Pote Den Foresa (Ta Laika Paraleipomena),"Sokratis Malamas, Ioulia Karapataki",2022-09-23,12,https://i.scdn.co/image/ab67616d0000b27371f54fd6c7028d2603e4478a
The Return,Kamaal Williams,2018-05-25,25,https://i.scdn.co/image/ab67616d0000b273c697d89a9ae61db41d9bd297
Wu Hen,Kamaal Williams,2020-07-24,33,https://i.scdn.co/image/ab67616d0000b2733ba9320e3c9d5d6d65c865d8
Bossa Nova Soul Samba,Ike Quebec,1996-01-01,47,https://i.scdn.co/image/ab67616d0000b273f7f8e9a15bb31c9aaff49f45
Snap You Neck Back,Gasoline,2005-09-01,19,https://i.scdn.co/image/ab67616d0000b273fb662a2c3867dd58057b915d
Estoudiantina Live In New York,Estoudiantina Neas Ionias,2011-01-01,2,https://i.scdn.co/image/ab67616d0000b273586363ada2ee0e18c04f229b
Gynaikes Tis Pikras - Women Of Sorrow,Nikos Grapsas,1998-01-01,0,https://i.scdn.co/image/ab67616d0000b27390d1d0620e793b6c3f4695de
Erotokritos (30th Anniversary Edition / Remastered),"Nikos Xilouris, Tania Tsanaklidou",1976-05-28,6,https://i.scdn.co/image/ab67616d0000b273452794198aa5f565e10d748f
The Nuance Emporium,jiabeats,2020-12-11,4,https://i.scdn.co/image/ab67616d0000b273b340ce820778f2c6f0f5bb78
Sgt. Pepper's Lonely Hearts Club Band (Deluxe Edition),The Beatles,1967-06-01,44,https://i.scdn.co/image/ab67616d0000b27348eeac769c253bfc05a0d1fc
Planet 432,Mik Attal,2022-05-27,0,https://i.scdn.co/image/ab67616d0000b273094a36503d49468d10852c92
He Hecho Mucho por Ti,"Palov, A.Angelides",2017,19,https://i.scdn.co/image/ab67616d0000b273f1da103ec13fe185e1526738
Metro,LEX,2022-05-13,49,https://i.scdn.co/image/ab67616d0000b27321c269dc6c375821de8bd77c
Preemptive Strike,DJ Shadow,1998-01-13,0,https://i.scdn.co/image/ab67616d0000b27379c0803aa37d736d83d16151
Our Pathetic Age,DJ Shadow,2019-11-15,42,https://i.scdn.co/image/ab67616d0000b27347afc94e2720af9f2a862d49
Endangered Species (Bonus Edition),Nickodemus,2005,0,https://i.scdn.co/image/ab67616d0000b2735e2a88e6b2f210f377d3a407
Romiosini,"Grigoris Bithikotsis, Mikis Theodorakis",2004-01-01,5,https://i.scdn.co/image/ab67616d0000b2735cfec22403e5434cc0f287b9
Rare Recordings,Mikis Theodorakis,2009-01-19,1,https://i.scdn.co/image/ab67616d0000b273ad4caaa79e82d1ddd4ad4795
Uranya,Panayotis Kalantzopoulos,2006-01-01,0,https://i.scdn.co/image/ab67616d0000b273d2fb23358a8f7083d4c003d3
Magma,Black Flower,2022-01-28,24,https://i.scdn.co/image/ab67616d0000b2732468c25f3b34ce1637a2e86c
The World Within (Deluxe),Moderator,2015-02-19,45,https://i.scdn.co/image/ab67616d0000b273005132ebc7693fd385bb8058
Voyager 3,"Iratus, Tom Dzik",2018-10-01,0,https://i.scdn.co/image/ab67616d0000b2733c3d5ad5b111ef4c338bb8a7
Tâle Yâd,Oneira,2012-02-06,9,https://i.scdn.co/image/ab67616d0000b2734b236bf2d04f8f6adbc25cbe
Omega Madness,Naxatras,2022-01-21,1,https://i.scdn.co/image/ab67616d0000b273f77f54d0ed4d9b913d41eb0c
Agoni Grammi,Mikres Periplaniseis,1994-01-01,0,https://i.scdn.co/image/ab67616d0000b2731522110a2ed84f1498bfd367
Mikres Periplaniseis,Mikres Periplaniseis,1992-04-07,9,https://i.scdn.co/image/ab67616d0000b273131b1e0e8193273a9b071440
New Jack City,"Sonqo Pura, Bipolar Jones",2020-06-12,11,https://i.scdn.co/image/ab67616d0000b27311a657e8a9f6a1b36efb3080
Leoforos Kavalas,"Buzz, Zoro&Buzz",2021-04-02,35,https://i.scdn.co/image/ab67616d0000b2739918a21145fff0ec410c5118
Vios Erotikos,Giannis Parios,1994-01-01,22,https://i.scdn.co/image/ab67616d0000b2734110968e410a9fcb444b9ef0
Jeni Vanou - I Foni / Megales Erminies,Tzeni Vanou,2007-01-01,18,https://i.scdn.co/image/ab67616d0000b273722794dfd4cda0bd610d7b9d
Shadows,"Bonobo, Jordan Rakei",2021-12-01,31,https://i.scdn.co/image/ab67616d0000b2738a89a7c73827e7ff2d2eeee4
Milva: 10 Songs by Mikis Theodorakis (Re-Mastered),"Mikis Theodorakis, Milva",2004-01-12,24,https://i.scdn.co/image/ab67616d0000b27377c46dbccc4c0680cd0271c8
New Skin For The Old Ceremony,Leonard Cohen,1974-08-11,49,https://i.scdn.co/image/ab67616d0000b273ba630a902f9d9de95572f29d
Hoy Como Ayer,Hermanos Gutiérrez,2019-09-27,0,https://i.scdn.co/image/ab67616d0000b273881523f911f1bdbf5f7f8640
Aφτερλωβ,Melentini,2017-05-01,26,https://i.scdn.co/image/ab67616d0000b2737a823eb3cd0ce2e806856e6a
Gia - Collector's Edition,Despina Vandi,2002,0,https://i.scdn.co/image/ab67616d0000b273069db7e118463a465460ce3e
30,Adele,2021-11-19,75,https://i.scdn.co/image/ab67616d0000b273c6b577e4c4a6d326354a89f7
Cities II,Thibault Cauvin,2018-09-07,27,https://i.scdn.co/image/ab67616d0000b2734b0212d8d166dc3af2f8ac96
Tis Plakas,Xatzifrageta,2007-01-01,26,https://i.scdn.co/image/ab67616d0000b273eac3f804549c4ac33ba5bf99
Hendrix in Jazz,Various Artists,2017-09-29,25,https://i.scdn.co/image/ab67616d0000b273e75294adaff5d9554831f691
Love & Hate,Michael Kiwanuka,2016-07-15,62,https://i.scdn.co/image/ab67616d0000b2731070095e88dce90a090171b5
Bring Backs,Alfa Mist,2021-04-23,32,https://i.scdn.co/image/ab67616d0000b273e99aaa41c56a25809ea06d77
Antipodes,Giorgis Xylouris,2002-11-20,9,https://i.scdn.co/image/ab67616d0000b2735fc5a0b72ab69f9af268361f
Ni Moya,Ni Moya,2020-06-19,0,https://i.scdn.co/image/ab67616d0000b2731b7c246fcd57d468924f3a55
Nightwalker Vol. 1,Boogie Belgique,2013-06-27,35,https://i.scdn.co/image/ab67616d0000b273a3457c7da6e842dd9e1bcddc
Live Sto Lykavitto,Nikos Papazoglou,1991-01-01,24,https://i.scdn.co/image/ab67616d0000b2738d46498cd7bd8ea5c20352fa
V,Mannarino,2021-09-16,35,https://i.scdn.co/image/ab67616d0000b27382e354ada80f06310b169178
Pera Apo Tis Polis Tis Asfaltou,Xilina Spathia,1995-01-15,35,https://i.scdn.co/image/ab67616d0000b273785a6af2da9b8d96ac4dde0e
The Whole Story,Kate Bush,1986-11-10,0,https://i.scdn.co/image/ab67616d0000b273a8a3f129a6faaa03823fb2ce
The Sensual World,Kate Bush,1989,0,https://i.scdn.co/image/ab67616d0000b273880759ab68485eceddc5b1ac
Slow Bones (Cool Cats Mix),"Tony Allen, Hugh Masekela",2021-09-07,0,https://i.scdn.co/image/ab67616d0000b273480ea6490c1a4b70c21f5290
Heimerinoi Kolymvites,Heimerinoi Kolymvites,1981,25,https://i.scdn.co/image/ab67616d0000b273fc89e10634719b0fd4d64712
Ayto to Ploio Poy Olo Ftanei,"Pavlos Pavlidis, B-movies",2010-05-03,0,https://i.scdn.co/image/ab67616d0000b2730c51684d3a54aa08d30026b7
Floga,"Estoudiantina, Orhistra laikon organon Odissou, Babis Tsertos",2007-09-26,1,https://i.scdn.co/image/ab67616d0000b2737cab38c48ffe21f5f46feb30
Streetnoise,"Julie Driscoll, Brian Auger & The Trinity",1969-01-01,0,https://i.scdn.co/image/ab67616d0000b273dc7538e3d72c1e51e8f20715
Jazzanova EP,Jazzanova,1998-08-31,34,https://i.scdn.co/image/ab67616d0000b2735349c9b93009ab55a0048073
To Axion Esti (Remastered 2003),"Mikis Theodorakis, Odisseas Elitis",1964-02-26,10,https://i.scdn.co/image/ab67616d0000b27399460780a6981fa044e6a444
Sinner's Syndrome,Moderator,2018-04-15,35,https://i.scdn.co/image/ab67616d0000b27355a39a08c1f85de0cbd5ba46
The World Within,Moderator,2015-02-19,0,https://i.scdn.co/image/ab67616d0000b27331073ba528a43985280d4dc6
Mode Plagal,Mode Plagal,1995-01-01,1,https://i.scdn.co/image/ab67616d0000b2731c0245be37f5b6130204aa83
Ola Tha Ta Diagrapso,"Giorgos Margaritis, 667",2001-09-18,4,https://i.scdn.co/image/ab67616d0000b273a6108258dec9528e9efc7f62
City of the Sun,City of the Sun,2020-06-26,34,https://i.scdn.co/image/ab67616d0000b2731eea8eaf9ef78ff2724d01a2
...Mia Varka Gia Na Pas Apenadi,Giannis Parios,2002-07-23,35,https://i.scdn.co/image/ab67616d0000b27362bd65a2a06ae04f256f9733
Κουλέρ Λοκάλ,Couleur Locale,2016-03-18,6,https://i.scdn.co/image/ab67616d0000b2731d700ef281a43bc506d12d96
Back To Black (Deluxe Edition),Amy Winehouse,2006,77,https://i.scdn.co/image/ab67616d0000b27376ffb5b5ab045d22c81235c1
Last Frontier,Ours Samplus,2018-06-11,32,https://i.scdn.co/image/ab67616d0000b273a7281c91b40748bae6deb07e
A Saucerful Of Secrets (2011 Remaster),Pink Floyd,1968-06-28,18,https://i.scdn.co/image/ab67616d0000b2739d70d746266f678b2885d58a
There Is No End,Tony Allen,2021-05-07,20,https://i.scdn.co/image/ab67616d0000b273e8e2fd335d8503ec87847b0c
The Diary Of Alicia Keys,Alicia Keys,2003-12-02,69,https://i.scdn.co/image/ab67616d0000b27356ff19308ebeb48e2ba6094b
Eikones Paidevoun To Myalo (Icons Playings Games With My Mind),Dourdoubakis Petros,2000,5,https://i.scdn.co/image/ab67616d0000b2736ede482500a63b58790d2e55
To Hamogelo Tis Tzokodas,Manos Hadjidakis,2015-11-27,19,https://i.scdn.co/image/ab67616d0000b273958139b471deebf8f93080fa
"Anicca (feat. Costis Christodoulou, Andreas Hourdakis, Antonis Maratos, Alex Drakos Ktistakis)",Andreas Polyzogopoulos,2015-03-18,2,https://i.scdn.co/image/ab67616d0000b273c1b6d974195bb08565aea68e
Secrecy,"Diederik Wissels, Ana Rocha, Andreas Polyzogopoulos",2020-09-18,2,https://i.scdn.co/image/ab67616d0000b273e8d15d46299f48087821b3e1
Supersantos,Mannarino,2011-01-01,42,https://i.scdn.co/image/ab67616d0000b2733954001ba6f75f173f26dce3
Things Fall Apart,The Roots,1999-02-23,56,https://i.scdn.co/image/ab67616d0000b273bac8015c7e47644fb86e27e2
The Rise and Fall of Ziggy Stardust and the Spiders from Mars (2012 Remaster),David Bowie,1972-06-06,68,https://i.scdn.co/image/ab67616d0000b273c41f4e1133b0e6c5fcf58680
Dreams,Gábor Szabó,1968-09-18,16,https://i.scdn.co/image/ab67616d0000b273c96ae99cc4b59b9482b6edd7
Night in L' Habana,"Yoel Soto, Latin All Stars Meeting Orchestra",2020-11-26,0,https://i.scdn.co/image/ab67616d0000b273f55f2bf6a59d4f0d7229ca47
Migration,Bonobo,2017-01-13,52,https://i.scdn.co/image/ab67616d0000b27355fa09a768d1ef5ea5d279f9
Shadow Work,Mammal Hands,2017-11-03,0,https://i.scdn.co/image/ab67616d0000b273596d091590937d8870551a7d
It's a Holiday Soul Party,Sharon Jones & The Dap-Kings,2015-10-20,0,https://i.scdn.co/image/ab67616d0000b273110ce5371be81cf3a58b6efa
Koutev Bulgarian National Ensemble,Koutev Bulgarian National Ensemble,1991-01-01,29,https://i.scdn.co/image/ab67616d0000b2730ab25be85e9ccd5003e16029
Reflections,Raining Pleasure,2005-01-01,16,https://i.scdn.co/image/ab67616d0000b27383383efdf9635a75872b2c87
Ethno World II,"Cafe De Anatolia, Stephane Salerno, Jack Essek",2020-05-29,0,https://i.scdn.co/image/ab67616d0000b273a8cae64ba54111f3aeae5811
Bi,Astyplaz,2008-05-27,4,https://i.scdn.co/image/ab67616d0000b2737873f47621c74aad57f3c183
Ich Kenne Kein Weekend,Yukno,2018-02-02,26,https://i.scdn.co/image/ab67616d0000b27347c3c96f265f33dafa5b733b
Bill Frisell (with Dave Holland and Elvin Jones),Bill Frisell,2001-10-02,22,https://i.scdn.co/image/ab67616d0000b273b74fc716e4a97a607ab77fa8
Odos Oniron (Original Motion Picture Soundtrack / Remastered),Manos Hadjidakis,1962-01-02,19,https://i.scdn.co/image/ab67616d0000b273cc002f3b7637b919fd880e24
Melina Gia Pada,Melina Mercouri,1990-02-08,8,https://i.scdn.co/image/ab67616d0000b273524b743c408999ed2208a327
Brazilero,Nikos Portokaloglou,2002-07-25,0,https://i.scdn.co/image/ab67616d0000b2738a9cffda4f5fe027d0681842
Thunderpussy,Thunderpussy,2018-05-25,22,https://i.scdn.co/image/ab67616d0000b27386ad5288a88df4e66102d59a
Mediterraneo,"Christina Pluhar, L'Arpeggiata",2013-03-04,25,https://i.scdn.co/image/ab67616d0000b27378ec813b40a5390f25bc9a5f
The Third Eye,Ephemerals,2020-01-10,0,https://i.scdn.co/image/ab67616d0000b273ea12c8eb5bd969eae7231654
The Halay Lamba,The Halay Lamba,2016-01-02,1,https://i.scdn.co/image/ab67616d0000b2730c7f501838952511d3414751
The Halay Lamba II,The Halay Lamba,2019-01-30,1,https://i.scdn.co/image/ab67616d0000b273fd54de238c848f7581159737
Trio,Elli Paspala,2001-05-09,7,https://i.scdn.co/image/ab67616d0000b2733571535800f90ba4b113bd30
Con Pocas Palabras,Yoel Soto,2019-02-18,0,https://i.scdn.co/image/ab67616d0000b2735d33216a95f65a64b3223ba7
Blackbird,Fat Freddy's Drop,2013-06-24,0,https://i.scdn.co/image/ab67616d0000b2736d805e981fce69146d4e78d1
Mordechai,Khruangbin,2020-06-26,0,https://i.scdn.co/image/ab67616d0000b2739ebb959418f1e621f8934faa
Pelota,Khruangbin,2020-06-16,0,https://i.scdn.co/image/ab67616d0000b2734888900e75d0f792e3635ab1
"Live (Live at Theatro Apollon, Syros)","Pavlos Pavlidis, B-movies",2008-11-07,0,https://i.scdn.co/image/ab67616d0000b273f4b7accd38694d1e3565be71
Me Kontra Ton Kairo,Hainides,2007-09-19,13,https://i.scdn.co/image/ab67616d0000b273c8179dfe1db02f186c06901a
Agrypnia,Thanasis Papakonstantinou,2002-01-04,22,https://i.scdn.co/image/ab67616d0000b2730a1cbc7288145b5a2d2bb5a3
Strovilos,Trio Tekke,2020-04-24,2,https://i.scdn.co/image/ab67616d0000b273fe17f57c3af9f1ec353d2b64
Ta Deytera,"Fotis Siotas, Thodoris Gkonis",2019-11-12,0,https://i.scdn.co/image/ab67616d0000b2731042753d1db09a620b76c03e
Ta Zontana (Live),Thanasis Papakonstantinou,2004-10-06,22,https://i.scdn.co/image/ab67616d0000b273d9e3661563dbc0cd04efd0f8
Rumba Argelina (2019 - Remaster),Radio Tarifa,1993-05-10,0,https://i.scdn.co/image/ab67616d0000b273a61754ee7714dc49eee15c2b
Space Echo (Analog Africa No. 20),Various Artists,2016-05-27,29,https://i.scdn.co/image/ab67616d0000b27383fd8abb97a5dd2985120279
Invented Memories,George Avramidis,2018-11-01,0,https://i.scdn.co/image/ab67616d0000b27384edbd26f97d52bccab8b967
The Extremist,Joe Satriani,1992-07-21,41,https://i.scdn.co/image/ab67616d0000b2736dad3fe19b2dbeb1b58093a3
I Put A Spell On You,Nina Simone,1965-06-01,65,https://i.scdn.co/image/ab67616d0000b273892abb1ade35b4863b29e051
Amazing Grey,Vassilikos,2019-04-05,0,https://i.scdn.co/image/ab67616d0000b273f4d751a238a8a37c2f6b63bb
Black Focus,Yussef Kamaal,2016-11-04,0,https://i.scdn.co/image/ab67616d0000b2739db63254bf5a8be73bbaed21
Tesseris Dromoi Gia Ton Erotokrito,Various Artists,2008-05-28,4,https://i.scdn.co/image/ab67616d0000b273d4082f08e4a385795819b094
Flamenco es...Tomatito,Tomatito,2010-01-01,6,https://i.scdn.co/image/ab67616d0000b27348a122180b5fe7860e26a9a3
O Stavros Tou Notou Tou Nikou Kavvadia,Thanos Mikroutsikos,2007-11-14,34,https://i.scdn.co/image/ab67616d0000b273c9cb4bae1ecd4268e07d35ed
Hypnotize,System Of A Down,2005-11-22,71,https://i.scdn.co/image/ab67616d0000b273f5e7b2e5adaa87430a3eccff
Whole Other*,Richard Spaven,2014-07-07,9,https://i.scdn.co/image/ab67616d0000b2732a02859369c5741d21f1a28a
Cicerenella-Lo guarracino-La serpe e Carolina e le altre canzoni,Nuova Compagnia Di Canto Popolare,2013-05-27,17,https://i.scdn.co/image/ab67616d0000b273b63d40a04bf9b46f3bd8038a
Αιγαιοπελαγίτικα Περάσματα,"Νίκος Οικονομίδης, Κυριακή Σπανού",2006-01-01,26,https://i.scdn.co/image/ab67616d0000b27307f3a31213d0c01f920983d4
Paramithi Me Lipimeno Telos,Miltos Pashalidis,1995-12-02,20,https://i.scdn.co/image/ab67616d0000b273344cdb3be12c989970fa97cf
KIWANUKA,Michael Kiwanuka,2019-10-10,54,https://i.scdn.co/image/ab67616d0000b27360ada139840fb439d6750f27
Varligali,Matoula Zamani,2012-08-03,24,https://i.scdn.co/image/ab67616d0000b273228ddd6a70ac48f6af4e151d
Let's Get It On (Deluxe Edition),Marvin Gaye,1973-08-28,0,https://i.scdn.co/image/ab67616d0000b27321ac9e410c539b7508bcd3cb
Próxima Estación: Esperanza,Manu Chao,2001-06-01,67,https://i.scdn.co/image/ab67616d0000b2731dcba4a728ca0b17cbd204a5
La Radiolina,Manu Chao,2007-08-30,51,https://i.scdn.co/image/ab67616d0000b273e37f9a3fdedc3d7dc2c49b26
Clandestino,Manu Chao,1998-10-06,65,https://i.scdn.co/image/ab67616d0000b27372c5875a8e4b49075978cd04
Dekapede Esperini (Remastered),Manos Hadjidakis,1965-11-20,30,https://i.scdn.co/image/ab67616d0000b273f95b56fca6a797b3bcd06493
Patchanka,Mano Negra,1988-05-01,44,https://i.scdn.co/image/ab67616d0000b2730b9fca80401e636137c2fc8d
King Of Bongo,Mano Negra,1991-04-01,43,https://i.scdn.co/image/ab67616d0000b27310bcce9ccaccc979d7358a17
Casa Babylon,Mano Negra,1994-05-10,42,https://i.scdn.co/image/ab67616d0000b2730d462e4c9109ed9b6c625893
Tchaikovsky: Swan Lake,"Pyotr Ilyich Tchaikovsky, André Previn, London Symphony Orchestra",1976-01-01,59,https://i.scdn.co/image/ab67616d0000b2731d9c6602aa95abd8c5b146da
"London Symphony Orchestra, Vols. I & II","Frank Zappa, London Symphony Orchestra",1983-06-09,10,https://i.scdn.co/image/ab67616d0000b27370f4c14e6b06232cee84769a
The Epic,Kamasi Washington,2015-05-11,37,https://i.scdn.co/image/ab67616d0000b273b89caebf56746ac0bae93ba9
The Return,Kamaal Williams,2018-05-25,0,https://i.scdn.co/image/ab67616d0000b273b6cd002163c85cacc1d99614
Kings Left Behind,Ikebe Shakedown,2019-08-16,0,https://i.scdn.co/image/ab67616d0000b2731742a7015d19d6cbfb5cac8c
Kalthoum (Alf Leila Wa Leila),Ibrahim Maalouf,2015-09-25,18,https://i.scdn.co/image/ab67616d0000b27307763a412ce09cdb13915021
Joker (Original Motion Picture Soundtrack),Hildur Guðnadóttir,2019-10-02,44,https://i.scdn.co/image/ab67616d0000b27340f9225365aed3faf4eb1f00
The Dark Knight (Original Motion Picture Soundtrack),"Hans Zimmer, James Newton Howard",2008-07-14,51,https://i.scdn.co/image/ab67616d0000b2739ca20352ead0cc8dccdf7951
Mia Kori Apo Tin Amorgo,"Giannis Maravas, Nikos Grapsas",1996-01-01,0,https://i.scdn.co/image/ab67616d0000b27334e13c621d476d94fdc11d37
Part 2 Everything Not Saved Will Be Lost,Foals,2019-10-18,0,https://i.scdn.co/image/ab67616d0000b2733003282815c452d89e7acd6a
Everything Not Saved Will Be Lost Pt. 1,Foals,2019-03-08,0,https://i.scdn.co/image/ab67616d0000b27338fe495ad75bd55c146125b6
Lungs (Deluxe Version),Florence + The Machine,2009,72,https://i.scdn.co/image/ab67616d0000b273003f81b1f4246362638e682d
Why Try Harder - The Greatest Hits,Fatboy Slim,2006-06-18,1,https://i.scdn.co/image/ab67616d0000b2735881f12ca6d02eb7987dd09b
Anefala Thalassina,Eirini Konitopoulou,2007-01-01,5,https://i.scdn.co/image/ab67616d0000b273b50aa23e6fdd89ea409bd8e4
The Soft Parade,The Doors,1969-07-21,53,https://i.scdn.co/image/ab67616d0000b273a0c993789a4875837cf7cf71
A Dawn to Fear,Cult Of Luna,2019-09-20,22,https://i.scdn.co/image/ab67616d0000b27380e6db8225331c2a42a89fb6
The Fountain OST,"Clint Mansell, Kronos Quartet",2006-11-10,42,https://i.scdn.co/image/ab67616d0000b273fb6e4451f9d60cace76b0b0d
Chapter I,City of the Sun,2019-11-15,17,https://i.scdn.co/image/ab67616d0000b2739ccf24c8707e377a7ef90be4
Chapter II,City of the Sun,2020-02-07,10,https://i.scdn.co/image/ab67616d0000b2737dbdb6a87ddeb448827d9019
Black Velvet (The Instrumentals),"Charles Bradley, Menahan Street Band",2019-11-22,0,https://i.scdn.co/image/ab67616d0000b27377c1efc8ad79e327e767993f
Anthologie / Mornas & Coladeras,Cesária Evora,2002-06-28,23,https://i.scdn.co/image/ab67616d0000b2738095a282b13fffe33d3f9971
The Balance,Catfish and the Bottlemen,2019-04-26,55,https://i.scdn.co/image/ab67616d0000b273835a9e77dae1c928f871ac73
We live in Athens,The Burger Project,2009-12-11,11,https://i.scdn.co/image/ab67616d0000b27350e69b8fcc7158d6e8682918
Beyond the Bosphorus,"Bosphorus, Mode Plagal",2003-03-01,1,https://i.scdn.co/image/ab67616d0000b273167b0cfb14e54f6aa97f5d0f
Chinatown,The Be Good Tanyas,2003-03-11,0,https://i.scdn.co/image/ab67616d0000b2735bacaf60b321e8af08b6ffe5
Fables of the Useless,Babis Papadopoulos,2019-10-04,0,https://i.scdn.co/image/ab67616d0000b2734659a9362eafbc4ff25c5219
Blue Maqams,Anouar Brahem,2017-10-13,30,https://i.scdn.co/image/ab67616d0000b273108591ad410bbcab702b5e18
Thimar,"Anouar Brahem, John Surman, Dave Holland",1998-05-18,25,https://i.scdn.co/image/ab67616d0000b273eccd3ce50a89869895561344
The Astounding Eyes Of Rita,Anouar Brahem,2009-09-25,40,https://i.scdn.co/image/ab67616d0000b27374d02b1c1220a17842efe0f8
Black Sea,Anatolian Weapons,2018-06-15,6,https://i.scdn.co/image/ab67616d0000b273fb3da2b44b03eceb867e03a8
New Moon,Almunia,2011-05-30,31,https://i.scdn.co/image/ab67616d0000b273c540e369c926017438a1e2da
Nocturne,Alfa Mist,2015-07-30,41,https://i.scdn.co/image/ab67616d0000b2732d00df9354219955f48493d6
Belladonna of Sadness,Alexandra Savior,2017-04-07,43,https://i.scdn.co/image/ab67616d0000b273b9df7275ff80a60fa1272835
"Passion, Grace & Fire",Various Artists,1983,13,https://i.scdn.co/image/ab67616d0000b2739009d9913113bb00a5dffb6c
Musique De France,Acid Arab,2016-10-07,0,https://i.scdn.co/image/ab67616d0000b273e32c3ca4cb219135125b3184
Enderness,A.A. Bondy,2019-05-10,20,https://i.scdn.co/image/ab67616d0000b273cc9466dc4ce1843eac632a54
Los Carayos,Los Carayos,2002-09-10,14,https://i.scdn.co/image/ab67616d0000b27393ee884b104492b2b00b01dc
Zoi Lathraia,Lizeta Kalimeri,1997-01-01,12,https://i.scdn.co/image/ab67616d0000b27323b777bf857a29e85020f932
Age of Aquarius,Villagers of Ioannina City,2019-09-20,34,https://i.scdn.co/image/ab67616d0000b273b0a4462d3b4c39643cbde450
A Touch Of Spice,Evanthia Reboutsika,2003,29,https://i.scdn.co/image/ab67616d0000b2731e543227e8e7cd3613dbbd4b
Voice Of The Aegean Sea,Evanthia Reboutsika,2004,11,https://i.scdn.co/image/ab67616d0000b273ae3c7cade68e961dfb6406eb
Edo & Ekei,Dimitris Mystakidis,2019-09-16,7,https://i.scdn.co/image/ab67616d0000b2732b04f7edb475a0b28ae10dd0
Maggot Brain,Funkadelic,1971-07-12,0,https://i.scdn.co/image/ab67616d0000b27351e923158c6e1a549d0fb26f
Forgotten Kingdom,Kolonel Djafaar,2019-02-01,1,https://i.scdn.co/image/ab67616d0000b273879f5fa735dde350dfcad04d
Rachmaninov: Piano Concerto No. 2 - Prokofiev: Piano Concerto No. 2,"Denis Matsuev, Mariinsky Orchestra, Valery Gergiev",2017-10-20,0,https://i.scdn.co/image/ab67616d0000b273dc098c2ecbfaeb82621d7039
Over the Edge,Wipers,1983-03-01,32,https://i.scdn.co/image/ab67616d0000b273bbf24b7899312f04837c7fa2
Trust In The Lifeforce Of The Deep Mystery,The Comet Is Coming,2019-03-15,37,https://i.scdn.co/image/ab67616d0000b273ef177fbe4b4fe7c99ea5bb8e
Anthropon Erga,Alkistis Protopsalti,1993,24,https://i.scdn.co/image/ab67616d0000b273876e13512b6059f63a7e4cf7
The Incredible Jazz Guitar of Wes Montgomery (Remastered),Wes Montgomery,2011-12-15,5,https://i.scdn.co/image/ab67616d0000b27312add9dabc70a0f700b79ede
Quintette Du Hot Club De France,Django Reinhardt,1989,13,https://i.scdn.co/image/ab67616d0000b2736b18134a824967639fd8035f
Idle Moments,Grant Green,1999-01-01,36,https://i.scdn.co/image/ab67616d0000b273e549db0db15233ebf0f050ca
Intermodulation,"Bill Evans, Jim Hall",1966,27,https://i.scdn.co/image/ab67616d0000b273707ba2b4736bf02405594fc3
Bright Size Life,Pat Metheny,1976-03-01,37,https://i.scdn.co/image/ab67616d0000b273350c66a0cdc9ac9aaf2334f0
Midnight Blue (The Rudy Van Gelder Edition),Kenny Burrell,1963,45,https://i.scdn.co/image/ab67616d0000b273337b64d3c252d562a33e4d35
The Blues and the Abstract Truth,Oliver Nelson,2007-01-01,0,https://i.scdn.co/image/ab67616d0000b27392e7e7fcbedcc99863946033
Virtuoso,Joe Pass,1974-01-01,31,https://i.scdn.co/image/ab67616d0000b27331d637d9276611c64a760eec
Extrapolation,John McLaughlin,1969-01-01,20,https://i.scdn.co/image/ab67616d0000b2730053fd94f966893523750914
Smokin' At The Half Note,"Wynton Kelly Trio, Wes Montgomery",1965-01-01,0,https://i.scdn.co/image/ab67616d0000b2731bd25f908d75c4e65b6991c3
Full House,Wes Montgomery,1962,22,https://i.scdn.co/image/ab67616d0000b273cb313d27bbc7642dba1399a7
Elegant Gypsy,Al Di Meola,1977,31,https://i.scdn.co/image/ab67616d0000b273229184c025df8b18f514033c
standards,Biréli Lagrène,1992,16,https://i.scdn.co/image/ab67616d0000b27373ae39cb34468e6c2b2335f8
Timeless,"John Abercrombie, Jan Hammer, Jack DeJohnette",1975-01-01,27,https://i.scdn.co/image/ab67616d0000b273d0677ee390b83509635a11b5
The Dynamic Duo,"Wes Montgomery, Jimmy Smith",1966-01-01,13,https://i.scdn.co/image/ab67616d0000b273f96fd651fff8cdb1b593de9f
Beyond The Missouri Sky,"Charlie Haden, Pat Metheny",1997-01-01,43,https://i.scdn.co/image/ab67616d0000b2733f0e5ef00415769ca559723f
Pilgrims,Stoned Jesus,2018-09-07,16,https://i.scdn.co/image/ab67616d0000b273ab11e0a9c8157e9e88b265df
Seven Thunders Roar (Anniversary Deluxe Version),Stoned Jesus,2014-01-01,0,https://i.scdn.co/image/ab67616d0000b2733cc0e4aa43eb7d5a16b1b582
Seven Thunders Roar,Stoned Jesus,2012-03-12,0,https://i.scdn.co/image/ab67616d0000b2737e266fc9d1ed70ca5ab91cc9
First Communion,Stoned Jesus,2010-08-30,24,https://i.scdn.co/image/ab67616d0000b273221a4bccca71d789ae8a4861
Tragoudia Gia Tous Mines,Eleftheria Arvanitaki,1996,0,https://i.scdn.co/image/ab67616d0000b2735ef4b4ad86fd715d82e4498b
Raks Sharki 6: In a Beirut Mood,Ihsan Al-Mounzer,2003-01-01,0,https://i.scdn.co/image/ab67616d0000b273833e823ed9e5c2617913be95
Amerika,Dimitris Mystakidis,2017-04-07,17,https://i.scdn.co/image/ab67616d0000b27351fecbb7201c7626569192e8
Tango in Europe: Romanesque Tango (1930 - 1950),Various Artists,2016-05-17,0,https://i.scdn.co/image/ab67616d0000b27346d92d674566b36d23b401aa
"As Erhosoun Gia Ligo (Authentic 78 rpm Recordings 1946-1957), Vol. 2",Danai,2014-08-08,16,https://i.scdn.co/image/ab67616d0000b2733bb19f35decabb0b33065615
"The Embodiment Live Sessions (Live At Mpankeion, Athens / 2017)",Katerine Duska,2018-02-05,0,https://i.scdn.co/image/ab67616d0000b273949f6e867a6a1535c58930b4
Ximeronei Sto Aigaio (Mousiko Taxidi Me Tous Konitopoulaious),Various Artists,2008-08-01,1,https://i.scdn.co/image/ab67616d0000b273820e26a94870c68d93d74f36
Mozart in the Jungle: Seasons 1 and 2 (An Amazon Music Original Soundtrack),Various Artists,2016-08-12,21,https://i.scdn.co/image/ab67616d0000b2734657fac0b0644dd82c43958e
Embodiment,Katerine Duska,2015-12-04,15,https://i.scdn.co/image/ab67616d0000b273fb68a5981d5afd308ce73661
Standards,Tortoise,2001-02-20,21,https://i.scdn.co/image/ab67616d0000b2731b4636e222ba1044523da5bc
Based on a True Story,Fat Freddy's Drop,2005,0,https://i.scdn.co/image/ab67616d0000b2736e7ce1eb08add47537aeae2c
Cachao y Su Ritmo Caliente,Cachao y su ritmo caliente,2001-09-09,2,https://i.scdn.co/image/ab67616d0000b2733f03e6d3cf3f27bae23280b7
Rising Son,Takuya Kuroda,2014-01-01,41,https://i.scdn.co/image/ab67616d0000b2730e4bfa69aaced763e4d0c56d
Follow the Path,The Shaolin Afronauts,2014-09-08,13,https://i.scdn.co/image/ab67616d0000b27380f739fb82d44bbaa8fe2232
Ikebe Shakedown,Ikebe Shakedown,2011-06-07,0,https://i.scdn.co/image/ab67616d0000b273b0435c247a5a6650e11b13e8
Loco mosquito,Hot Pants,2000-11-13,12,https://i.scdn.co/image/ab67616d0000b273e16d0995f2e6f4439640d90c
Ripping at the Seams,The Hot Pants,2004-01-01,0,https://i.scdn.co/image/ab67616d0000b273a626023c39627fd2a54c40d7
Even My Sure Things Fall Through,Calexico,1998,0,https://i.scdn.co/image/ab67616d0000b273658deca178bcfb98a2470303
Hot Rail,Calexico,2000-05-08,0,https://i.scdn.co/image/ab67616d0000b2738fa41916a7013e2a61939dbe
Live in Caracalla: 50 years of Azzurro,Paolo Conte,2018-11-09,0,https://i.scdn.co/image/ab67616d0000b273a40a947ea42cd44e59646da1
Seloteip Valkanizater,Petros Vagiopoulos,2007-12-12,7,https://i.scdn.co/image/ab67616d0000b273ffc97d42632775d244aeda94
Dub Side Of The Moon,Easy Star All-Stars,2003-02-18,40,https://i.scdn.co/image/ab67616d0000b273bfd1939208257913120df757
Unstable Equilibrium,Dimitris Panagopoulos,1988-03-15,8,https://i.scdn.co/image/ab67616d0000b273d1d0f9b75d93c61acb8ee921
Ted Nugent,Ted Nugent,1975,28,https://i.scdn.co/image/ab67616d0000b273254dda64b0d943363a42e3de
"Dur Dur of Somalia - Vol. 1, Vol. 2 (Analog Africa No. 27)",Dur-Dur Band,2018-09-14,21,https://i.scdn.co/image/ab67616d0000b273df5ccb4eb7c778c39b0112f1
Road to Knowhere,Tommy Guerrero,2018-10-26,42,https://i.scdn.co/image/ab67616d0000b273d81cf5ffa7eb516a55e71ea3
Afou Loipon Xehastika (Remastered),Pavlos Pavlidis,2007-05-04,0,https://i.scdn.co/image/ab67616d0000b27347b3b237d123478cfeb86a03
12 Rousika Laika Tragoudia,Margarita Zorbala,1977-01-01,2,https://i.scdn.co/image/ab67616d0000b273adcf94d1e8d1add0f174d4a6
Black Velvet: Stripped-Down Mixes,Charles Bradley,2019-02-21,0,https://i.scdn.co/image/ab67616d0000b273abda8ec34a0793f4aba31ca5
Voreades (Music for a Dance Performance),Babis Papadopoulos,2018-12-07,0,https://i.scdn.co/image/ab67616d0000b2736a96add912291af5aa157aa7
Live in Heraklion Walls (Avgi Ts Avgis),Stelios Petrakis Quartet,2014,9,https://i.scdn.co/image/ab67616d0000b273b528798a5d0b81ca85145d16
Death Of A Ladies' Man,Leonard Cohen,1977-11-13,36,https://i.scdn.co/image/ab67616d0000b2737135747c4ba5b4e6465c4318
Stou Eona Tin Paraga,Dimitris Mitropanos,1996-04-06,44,https://i.scdn.co/image/ab67616d0000b273f9927def402d34d9d4e2326e
Nikos Vertis Live Tour - 10 Chronia,Nikos Vertis,2014-10-20,0,https://i.scdn.co/image/ab67616d0000b273ebbe468aab0447138d1d89e5
Led Zeppelin (Remaster),Led Zeppelin,1969-01-12,50,https://i.scdn.co/image/ab67616d0000b273c77c73285cc5cb64d97e1b0f
Black Sabbath (2009 Remastered Version),Black Sabbath,1970-02-13,0,https://i.scdn.co/image/ab67616d0000b2731311a92b0ca83a5154c5a5e7
Mozart in the Jungle - Season 4 (Music from the Prime Original Series),Various Artists,2018-02-16,16,https://i.scdn.co/image/ab67616d0000b2735c157fb4386130c3b063145c
O Skliros Aprilis Tou '45,Manos Hadjidakis,1974-10-24,6,https://i.scdn.co/image/ab67616d0000b27314adc67ed902d678631636ee
Democracy (feat. Nicolas Jaar) – Single,Soul Keita,2009-11-12,0,https://i.scdn.co/image/ab67616d0000b27390c9b32ea6b7181d0c34890f
Vrachnos Profitis (Remastered),Thanasis Papakonstantinou,2000,30,https://i.scdn.co/image/ab67616d0000b273b776577f12770f58baabcb64
Ta Sketa: Akis Panou,Sokratis Malamas,2018-12-28,18,https://i.scdn.co/image/ab67616d0000b273c5939bcffb7f781fe490d96e
Middle Eastern Rock,John Berberian And The Rock East Ensemble,1969-01-01,6,https://i.scdn.co/image/ab67616d0000b273bc1d6f912cafc26174157959
Now Sounds of the Middle East,George Mrgdichian,1996-01-01,0,https://i.scdn.co/image/ab67616d0000b273bfe7819d0375470fbf66f3c7
On,Altin Gün,2018-03-30,44,https://i.scdn.co/image/ab67616d0000b273a53ea6f00eba1ade5cc11bc7
Ta Laika Tis Haroulas,Haris Alexiou,1994-11-19,21,https://i.scdn.co/image/ab67616d0000b273b715297f5ef025667d82f18d
Portrait,Woody Herman,2014-04-18,0,https://i.scdn.co/image/ab67616d0000b2734a1a474b8d469495e615e248
I Am The Blues,Willie Dixon,1970,29,https://i.scdn.co/image/ab67616d0000b273ee1d2e1087cbec4afcb8a4a0
Plaisirs d'amour,René Aubry,1998-10-09,33,https://i.scdn.co/image/ab67616d0000b27389079427340fb63ee621412f
España!,Various Artists,2013-01-28,0,https://i.scdn.co/image/ab67616d0000b273ba8727aafff13513cd0d4610
Out To Lunch (The Rudy Van Gelder Edition),Eric Dolphy,1964-09-01,25,https://i.scdn.co/image/ab67616d0000b273897c908969917eb7d620e0d1
Baden Powell Swings With Jimmy Pratt,Baden Powell,2013-01-01,19,https://i.scdn.co/image/ab67616d0000b273b5e6aafc6443a1718dc72853
Pet Sounds (Original Mono & Stereo Mix),The Beach Boys,1966-06-16,57,https://i.scdn.co/image/ab67616d0000b273bde8dfd1922129f3d9e3732f
The Miseducation of Lauryn Hill,Ms. Lauryn Hill,1998-08-25,71,https://i.scdn.co/image/ab67616d0000b273e08b1250db5f75643f1508c9
Paradechtika,Alkistis Protopsalti,1991-05-08,0,https://i.scdn.co/image/ab67616d0000b273dea3e6163af50bf3d4a119f5
Paganini: 24 Caprices,"Niccolò Paganini, Leonidas Kavakos",1994-01-01,24,https://i.scdn.co/image/ab67616d0000b2739e04cda776a6738b24543b8a
Oi Chryses Epitychies,"Paschalis, Olympians",1994,28,https://i.scdn.co/image/ab67616d0000b2735d27364d16b8c71588396e36
O Megalos Erotikos Horion O Pothos,Manos Hadjidakis,2007-09-28,18,https://i.scdn.co/image/ab67616d0000b273adbd691a5aaf94f1f06a37fb
Giant Steps (Deluxe Edition),John Coltrane,1960,0,https://i.scdn.co/image/ab67616d0000b273a45f9f358eb8ff3a18622059
Moondog,Moondog,1969-01-01,29,https://i.scdn.co/image/ab67616d0000b273ad13ab512fc1561c8aecb155
Live at Moods in Zurich,Eastern Eye,2012-02-03,0,https://i.scdn.co/image/ab67616d0000b2738d2f07502c9e732321f72547
Orchestre du Montplaisant,Orchestre du Montplaisant,2011-12-26,3,https://i.scdn.co/image/ab67616d0000b273ea77f3c730d39b544b4998f9
Pirates Choice,Orchestra Baobab,2015-02-22,0,https://i.scdn.co/image/ab67616d0000b273170d739aaeef75d9548d87e9
Kind of No Blues (100% Pure Blend Arabicana),No Blues,2013-09-15,0,https://i.scdn.co/image/ab67616d0000b2734a5180f1ef27538d674cc9cb
"The Italian Ska Meets the World, Vol. 1",Various Artists,2018-01-20,0,https://i.scdn.co/image/ab67616d0000b2736b285a0e61b53c651d499d0d
Dead Man's Bones,Dead Man's Bones,2009-10-06,45,https://i.scdn.co/image/ab67616d0000b2737f62ad43351e0fb010bdf4e5
Brahms: The Piano Trios,"Johannes Brahms, Yo-Yo Ma, Emanuel Ax, Leonidas Kavakos",2017-09-15,22,https://i.scdn.co/image/ab67616d0000b2730ff1b090830e23435dc09b9a
Dönmez Yol,Erkan Oğur,2012-03-26,0,https://i.scdn.co/image/ab67616d0000b273eed361942302b84a6be6cb85
Verdi: Overtures & Preludes,"Giuseppe Verdi, Berliner Philharmoniker, Claudio Abbado",1997-01-01,30,https://i.scdn.co/image/ab67616d0000b273c2a2a9011c90ab5318f51b2d
1000 Watts,"Quantic, Flowering Inferno",2016-06-17,43,https://i.scdn.co/image/ab67616d0000b273d8b5fa6b67e07f39d911ebd1
51 Extra Epityhies Apo Tin Chrysi Epohi,Ta paidia ap'tin Patra,1999,17,https://i.scdn.co/image/ab67616d0000b2736a11f601fd27fd35706bf8d7
Distant Sky (Live in Copenhagen),Nick Cave & The Bad Seeds,2018-09-28,0,https://i.scdn.co/image/ab67616d0000b27344a7a8b55be316bb3c43ef0f
Diasporas,Ibrahim Maalouf,2007-10-10,0,https://i.scdn.co/image/ab67616d0000b2732dc184655c4c2a5a52a36250
Another Green World (2004 Remaster),Brian Eno,1975-09-01,44,https://i.scdn.co/image/ab67616d0000b27384d9788915697efd5cbf56f4
Antiphon,Alfa Mist,2017-03-03,0,https://i.scdn.co/image/ab67616d0000b2739c5de83314e4028e4bd5495f
Hotter Than July,Stevie Wonder,1980-09-29,1,https://i.scdn.co/image/ab67616d0000b273fa5e6a681840021eb63e75ad
Santa Milonga,Melingo,2004,17,https://i.scdn.co/image/ab67616d0000b27314f9fc50ef87237bbc890cf8
"Mode Plagal, Vol. 2",Mode Plagal,2015-01-13,5,https://i.scdn.co/image/ab67616d0000b273472c36e9ee7b71a3e206874c
The Best Of,Joy Division,2008-03-20,53,https://i.scdn.co/image/ab67616d0000b27365792edb445d4a107dbe97fd
Soul of the Tango,Yo-Yo Ma,1997-10-31,27,https://i.scdn.co/image/ab67616d0000b273238f685cd2dddaa5e617f682
No Remorse (Deluxe Edition),Motörhead,1984-09-15,0,https://i.scdn.co/image/ab67616d0000b2730605dd82180c70bcfd7f7af4
Guitar Genius (The debut concert),Jimmy Rosenberg,2018-02-14,0,https://i.scdn.co/image/ab67616d0000b2732d11e07cd9adcf94953b52f0
No More Shall We Part (2011 Remastered Version),Nick Cave & The Bad Seeds,2001,0,https://i.scdn.co/image/ab67616d0000b273f26381cb5d0eb1068f9d44ae
The Stooges,The Stooges,1969-08-05,43,https://i.scdn.co/image/ab67616d0000b273a7d2baa04a56c87de579db69
Gipsy Kings,Gipsy Kings,1987-02-23,0,https://i.scdn.co/image/ab67616d0000b2735ce2fd62718bdf81c0da9e02
Ta Mystika Tou Kipou,Nikos Kypourgos,2001-03-02,0,https://i.scdn.co/image/ab67616d0000b273bff0818840a520b43a7fae05
Oso Ki An Dernei O Anemos,Giorgis Xylouris,2012-01-01,18,https://i.scdn.co/image/ab67616d0000b27364d0f1eb34b8e79b05d7f915
Voices of Earth,Various Artists,2016-12-29,0,https://i.scdn.co/image/ab67616d0000b273c508793ae76faa3707fd9704
To mega to mystirio tis zois (10 skinika tragoudi),Agami Thytae,1998-02-23,4,https://i.scdn.co/image/ab67616d0000b273b613dc18615be36ef05b9659
Agami Thytae,Agami Thytae,1993-10-25,3,https://i.scdn.co/image/ab67616d0000b2738c9811e20d360192b9e6386d
Erotokritos Tou Vasili Rota,Various Artists,2016-07-10,4,https://i.scdn.co/image/ab67616d0000b27352f76387ddd2e1bc19c00763
Afilahti Skopia (Lonely Land),"Christos Tsiamoulis, Lizeta Kalimeri",2004-03-01,11,https://i.scdn.co/image/ab67616d0000b2736263a11c396d6faef03d9899
Acharnis Tou Aristophane Pou Gyrise Apo Ta Thymarakia (Tragoudia Gia Neous Kantadorous),Dionysis Savvopoulos,1977-01-01,14,https://i.scdn.co/image/ab67616d0000b273f1549889ad0d41986db1d258
25,Adele,2015-11-20,1,https://i.scdn.co/image/ab67616d0000b2735ffbbc3dca25d5c81491af1f
Legend (Deluxe Edition),Bob Marley & The Wailers,2002-01-01,0,https://i.scdn.co/image/ab67616d0000b27379348f95e66a3bac402f11e9
The Outsider,DJ Shadow,2006-01-01,0,https://i.scdn.co/image/ab67616d0000b273c9f6984ac5dfefe382e0a9bb
Endtroducing (Deluxe Edition),DJ Shadow,1996-09-16,0,https://i.scdn.co/image/ab67616d0000b2739aeb6a2cf81c448397f4d804
The Mountain Will Fall,DJ Shadow,2016-06-24,0,https://i.scdn.co/image/ab67616d0000b273bbf6d1d8fa7f565df1c654a4
ROCKISDEAD,Dorothy,2016-06-24,53,https://i.scdn.co/image/ab67616d0000b2735f2f9aa9ccd1c30c1eab0124
Disko Partizani,Shantel,2007-09-16,0,https://i.scdn.co/image/ab67616d0000b2731e4774cdea2162c6232b1c51
Live In Belgrade,"Vlatko Stefanovski, Miroslav Tadic",2014-01-01,0,https://i.scdn.co/image/ab67616d0000b2734b4959654e66c56d622f4033
A Paris,Riff Cohen,2012-01-01,30,https://i.scdn.co/image/ab67616d0000b273100009ab773e4c4aabbdb294
Yemen Blues,Yemen Blues,2011,0,https://i.scdn.co/image/ab67616d0000b2738e3cc049912eb1754e75d67e
The Black Light,Calexico,2006-03-31,0,https://i.scdn.co/image/ab67616d0000b273395ed93126d04f4f3d923cf2
Diwan,Claude Chalhoub,2008-03-14,1,https://i.scdn.co/image/ab67616d0000b2737005d34fead3dd862a83fb2a
Claude Chalhoub,Claude Chalhoub,2001-03-30,8,https://i.scdn.co/image/ab67616d0000b273873b2163bec161826452c72e
The Universe Smiles Upon You,Khruangbin,2015-11-06,13,https://i.scdn.co/image/ab67616d0000b273bc009dcb7578608697771b74
East Infection,Gogol Bordello,2005,0,https://i.scdn.co/image/ab67616d0000b273c1eb385198f9fc5d7e46c04a
Kalthoum,Ibrahim Maalouf,2015-09-25,0,https://i.scdn.co/image/ab67616d0000b2733b6574d331eb5fd3f145f161
Dalida By Ibrahim Maalouf,Ibrahim Maalouf,2017-11-17,43,https://i.scdn.co/image/ab67616d0000b27349c699ea42a58d1342f1b989
Peel Slowly And See 1965-1969,The Velvet Underground,1995-09-26,29,https://i.scdn.co/image/ab67616d0000b273ab9a418b9fc13b4b49168c53
Morrison Hotel,The Doors,1970-02-09,63,https://i.scdn.co/image/ab67616d0000b273f12a8a7e0b2cbe16d2bef4dc
Buena Vista Social Club,Buena Vista Social Club,1997-09-16,0,https://i.scdn.co/image/ab67616d0000b2731937a3b485ed7a71630809ab
Dead Man: A Film By Jim Jarmusch (Music From And Inspired By The Motion Picture),Neil Young,1996,28,https://i.scdn.co/image/ab67616d0000b27397082caf69c51b76cb775e9e
Hung at Heart,The Growlers,2013-03-25,0,https://i.scdn.co/image/ab67616d0000b273f4c29eabeaeeb3ddfb862efd
The Temple of I & I,Thievery Corporation,2017-02-10,0,https://i.scdn.co/image/ab67616d0000b273a798bd88ad1288025014637c
Treasures from the Temple,Thievery Corporation,2018-04-20,0,https://i.scdn.co/image/ab67616d0000b273ffdf89b7d7b9059466dee11d
Clone of the Universe,Fu Manchu,2018-02-09,22,https://i.scdn.co/image/ab67616d0000b273feeb03f1df3811d0330c3134
III,Naxatras,2018-02-16,0,https://i.scdn.co/image/ab67616d0000b2730d5b35173b45309324474d01
Naxatras,Naxatras,2016-01-29,0,https://i.scdn.co/image/ab67616d0000b2735dd9f34d1b76168c2577d93e
Super Van Vacation,1000mods,2011-09-29,24,https://i.scdn.co/image/ab67616d0000b273d935a16ea1e27fe96390a821
Tristeza / Poema / Canto / Images On Guitar,Baden Powell,2014-01-31,17,https://i.scdn.co/image/ab67616d0000b273ecdbec7c3e961a752e7f9694
XIII,CLOVES,2015-11-20,47,https://i.scdn.co/image/ab67616d0000b27350af06eaa6bfc6d314036ee3
Psithyri Kardias,Christos Nikolopoulos,1997-12-15,20,https://i.scdn.co/image/ab67616d0000b273258317912776c51b6f51288c
Pyrkagia Me Pyrkagia,Vasilis Paiteris,2007-05-20,3,https://i.scdn.co/image/ab67616d0000b273d67c12d2b787dc06b63ced45
Sympathique,Pink Martini,1999-04-20,48,https://i.scdn.co/image/ab67616d0000b273b31bd144093d6e0ad94318a8
Hang on Little Tomato,Pink Martini,2004-10-26,46,https://i.scdn.co/image/ab67616d0000b273c784264da17e3438c37c2e01
Sorcerer,Miles Davis,1967-10-23,27,https://i.scdn.co/image/ab67616d0000b2733c92ef75238cbca83ef4b5e0
The Complete Bitches Brew Sessions,Miles Davis,1970-04,20,https://i.scdn.co/image/ab67616d0000b273efe5f52bd0895f8f78640600
Time Out,The Dave Brubeck Quartet,1959-03-24,40,https://i.scdn.co/image/ab67616d0000b2739be03c2fcd251a5e6ccdf00a
Songs Of Love And Hate,Leonard Cohen,1971-03-19,49,https://i.scdn.co/image/ab67616d0000b2736a0b525ea5e6146f7f33369f
Tattoo (Remastered 2017),Rory Gallagher,1973-11-11,40,https://i.scdn.co/image/ab67616d0000b2732c6cae622b79bdd649434d64
XX,Baba Zula,2017-01-27,23,https://i.scdn.co/image/ab67616d0000b27323e1d82fad6e9f38c411aa6e
Sti Giorti tis Fantasias,Rodes,2005-03-28,0,https://i.scdn.co/image/ab67616d0000b273063ded3a1bbd16954d4c906d
Silent Disco,Rodes,2007-07-17,0,https://i.scdn.co/image/ab67616d0000b273c84cae8d62f0b10ce79ea492
Changes,Charles Bradley,2016-04-01,0,https://i.scdn.co/image/ab67616d0000b273d7abda361abedb800f8b8393
Side Pony,Lake Street Dive,2016-02-19,45,https://i.scdn.co/image/ab67616d0000b27358b484b3fe39baaa3681a559
No Man's Land,Tommy Guerrero,2014-04-21,0,https://i.scdn.co/image/ab67616d0000b273c220ee2b65e2238e9ba626f2
Muito depois,Joana Amendoeira,2016-04-01,0,https://i.scdn.co/image/ab67616d0000b2733437220408675d1847dc23b2
Y Los Cubanos Postizos,"Marc Ribot, Los Cubanos",1998-06-05,32,https://i.scdn.co/image/ab67616d0000b273c9cf89ca6adcea3306ae8ab4
Konta Sti Doxa Mia Stigmi (Mania),"Nikos Xydakis, Eleftheria Arvanitaki",2007-09-05,18,https://i.scdn.co/image/ab67616d0000b2737224ea52787faef31255e4f3
Ta Xilina Spathia (Songs from the 1st Album),Xilina Spathia,2013-09-16,35,https://i.scdn.co/image/ab67616d0000b273ec3b3c50192ce7ddd70485e4
Greatest Hits,Red Hot Chili Peppers,2003-11-18,61,https://i.scdn.co/image/ab67616d0000b2735590b4ee88187cb06a5b102d
When The Sun Goes Down,Arctic Monkeys,2006-01-16,42,https://i.scdn.co/image/ab67616d0000b273e94aaabe9d99a7b089b4b0f5
Imam Baildi,Imam Baildi,2007-01-01,30,https://i.scdn.co/image/ab67616d0000b273895686dc1055e067ee336127
Kolasi,"Giorgos Margaritis, 667",2004-04-01,0,https://i.scdn.co/image/ab67616d0000b27319b0311e34d164523ef95875
Radio Bemba Sound System (Live),Manu Chao,2002-09-17,46,https://i.scdn.co/image/ab67616d0000b2735f15afdea4dddc32c585f554
Alma,Carminho,2012-03-05,30,https://i.scdn.co/image/ab67616d0000b273586aa6126ca65623a8654efa
AM,Arctic Monkeys,2013-09-09,87,https://i.scdn.co/image/ab67616d0000b2734ae1c4c5c45aabe565499163
Tranquility Base Hotel & Casino,Arctic Monkeys,2018-05-10,59,https://i.scdn.co/image/ab67616d0000b2738895ff0f90525f4aa9437c27
Dog With a Rope (Quantic Presenta Flowering Inferno),"Quantic, Flowering Inferno",2010-07-19,48,https://i.scdn.co/image/ab67616d0000b273675aaffb852ce8cd438b593a
Charanga Africana,El Combo de Los Estudiantes,2017-04-28,0,https://i.scdn.co/image/ab67616d0000b273789225de97443ab432fc1a1d
Epistrofi (Return),Stavros Lantsias,1999-11-22,26,https://i.scdn.co/image/ab67616d0000b2732f9cadae950d2a3e637cc90d
Currents,Tame Impala,2015-07-17,79,https://i.scdn.co/image/ab67616d0000b2739e1cfc756886ac782e363d79
Memphis Underground,Herbie Mann,1969,27,https://i.scdn.co/image/ab67616d0000b273cd0b504eab6a5a94b340455f
Bringing It All Back Home,Bob Dylan,1965-03-22,61,https://i.scdn.co/image/ab67616d0000b2736960c5f4eb72f0c06aa92181
Highway 61 Revisited,Bob Dylan,1965-08-30,66,https://i.scdn.co/image/ab67616d0000b27341720ef0ae31e10d39e43ca2
Workingman's Dead,Grateful Dead,1970,50,https://i.scdn.co/image/ab67616d0000b2734d3659e33c2d63d5b54d1f2c
Buffalo Springfield,Buffalo Springfield,1966-12-05,64,https://i.scdn.co/image/ab67616d0000b273d231bd1716b71b6444e25f89
Surrealistic Pillow,Jefferson Airplane,1967,63,https://i.scdn.co/image/ab67616d0000b2732dac7a01676ddb36c1d0ec05
Sketches Of Spain 50th Anniversary (Legacy Edition),Miles Davis,1960-07-18,30,https://i.scdn.co/image/ab67616d0000b27311f03a561e7ff1f4f4f92de8
Sandy Bull & The Rhythm Ace / Live 1976,Sandy Bull,2012-03-27,0,https://i.scdn.co/image/ab67616d0000b2735bf7b9daafcee8b649ebe4d4
Movin’: The Complete Verve Recordings,Wes Montgomery,2011-01-01,0,https://i.scdn.co/image/ab67616d0000b273cf805ee31fa48021a0b40a65
Athanasia (Remastered),"Manolis Mitsias, Dimitra Galani",1975-01-19,20,https://i.scdn.co/image/ab67616d0000b273e07abd3e38261b049f5f69a9
Songs Of Resistance 1942 - 2018,Marc Ribot,2018-09-14,23,https://i.scdn.co/image/ab67616d0000b2730400cd3b867bd147ce7c886c
100 Years Vasilis Tsitsanis,Vassilis Tsitsanis,2014-02-07,0,https://i.scdn.co/image/ab67616d0000b273742e34283423b0295092c255
Journey Into Abstract Hip Hop,Gasoline,2005-09-01,33,https://i.scdn.co/image/ab67616d0000b27310d480cba66a0ff19f01f5fc
Three Letters From Sarajevo (Opus 1),Goran Bregović,2017-10-06,0,https://i.scdn.co/image/ab67616d0000b27364b96842f3a47c5f01bbb7ab
Is This It,The Strokes,2001-07-30,68,https://i.scdn.co/image/ab67616d0000b273a388a3f20d1bf2123249cc79
Discovery,Daft Punk,2001-03-12,74,https://i.scdn.co/image/ab67616d0000b2732c25dad9f8fd54652f7ba5df
The Miseducation of Lauryn Hill,Ms. Lauryn Hill,1998-08-25,0,https://i.scdn.co/image/ab67616d0000b2739196fafd1d6160480d3df68a
You've Come a Long Way Baby,Fatboy Slim,1998-10-19,0,https://i.scdn.co/image/ab67616d0000b273541c6002395d0e87e218e9af
OK Computer,Radiohead,1997-05-28,1,https://i.scdn.co/image/ab67616d0000b273adb1732fa8d44b8eb2f6c0bf
Portishead,Portishead,1997-01-01,0,https://i.scdn.co/image/ab67616d0000b2732c0faf6db881faf1520ce0f6
The Boatman's Call (2011 Remastered Version),Nick Cave & The Bad Seeds,1997,0,https://i.scdn.co/image/ab67616d0000b273d0535e1261840a3994463e8e
Parklife (Special Edition),Blur,1994-04-25,54,https://i.scdn.co/image/ab67616d0000b2732e4d97729bab58f1c0eabd33
Dangerous,Michael Jackson,1991-11-13,69,https://i.scdn.co/image/ab67616d0000b2733b9f8b18cc685e1502128aa8
Nevermind (Deluxe Edition),Nirvana,1991-09-26,14,https://i.scdn.co/image/ab67616d0000b27328a90d00a2819504364880e4
Ragged Glory,"Neil Young, Crazy Horse",1990-09-04,27,https://i.scdn.co/image/ab67616d0000b273dea4d96aebd8ee91af69f9b3
The Stone Roses,The Stone Roses,1989-05-02,62,https://i.scdn.co/image/ab67616d0000b273cf1f6466a493eb73d6d9d280
It Takes A Nation Of Millions To Hold Us Back,Public Enemy,1988-06-28,0,https://i.scdn.co/image/ab67616d0000b273841188bd747d1a3c86707aa6
True Blue,Madonna,1986-06-30,63,https://i.scdn.co/image/ab67616d0000b273de3094d98b62340d3268c7bc
Born In The U.S.A.,Bruce Springsteen,1984-06-04,75,https://i.scdn.co/image/ab67616d0000b273a7865e686c36a4adda6c9978
Unknown Pleasures,Joy Division,1979-06-01,0,https://i.scdn.co/image/ab67616d0000b2733fb6bc46c932ca1ab168526a
Back In Black,AC/DC,1980-07-25,77,https://i.scdn.co/image/ab67616d0000b2730b51f8d91f3a21e8426361ae
One Step Beyond (35th Anniversary),Madness,1979-10-19,0,https://i.scdn.co/image/ab67616d0000b273a5e976a943814bb5840251cc
Parallel Lines (Remastered),Blondie,1978-09-01,58,https://i.scdn.co/image/ab67616d0000b2736d23211741238ed227699c9d
"Never Mind The Bollocks, Here’s The Sex Pistols",Sex Pistols,1977-10-27,55,https://i.scdn.co/image/ab67616d0000b273b691fa29c123b5fc4bc5d469
Songs In The Key Of Life (Reissue),Stevie Wonder,1976-09-28,0,https://i.scdn.co/image/ab67616d0000b273b152cf640e96d1d6cf4e17a7
Ramones (40th Anniversary Deluxe Edition; 2016 Remaster),Ramones,1976-04-23,60,https://i.scdn.co/image/ab67616d0000b273db687db0afb257abdee10816
Blood On The Tracks,Bob Dylan,1975-01-17,59,https://i.scdn.co/image/ab67616d0000b27372ca15b8637acbc7d15ff5ba
Horses (Legacy Edition),Patti Smith,1975,46,https://i.scdn.co/image/ab67616d0000b273770198dcbd8d97b29e99b621
Aladdin Sane (2013 Remaster),David Bowie,1973-04-13,52,https://i.scdn.co/image/ab67616d0000b2735db6dbaca8678527e643a866
What's Going On - 40th Anniversary (Super Deluxe),Marvin Gaye,1971-05-21,0,https://i.scdn.co/image/ab67616d0000b2733d208b72327472664a0480e6
Who's Next (Deluxe Edition),The Who,1971-08-14,10,https://i.scdn.co/image/ab67616d0000b27397922197e10d2a8dcb40eacf
Music From Big Pink (Expanded Edition),The Band,1968-07-01,0,https://i.scdn.co/image/ab67616d0000b2732988e1e2b301c38f756bf004
Nina Simone Sings The Blues (Expanded Edition),Nina Simone,1967,48,https://i.scdn.co/image/ab67616d0000b2738c1edace3ab711d2963dfdc8
Blue Train (Expanded Edition),John Coltrane,1958,42,https://i.scdn.co/image/ab67616d0000b27301ffa1c7915624b95b9065e0
London Calling (Remastered),The Clash,1979,63,https://i.scdn.co/image/ab67616d0000b273cd9d8bc9ef04014b6e90e182
Elvis Presley,Elvis Presley,1956-03-23,54,https://i.scdn.co/image/ab67616d0000b273f45cec7e72b9dec993c18872
Treta Majka,"Vlatko Stefanovski, Miroslav Tadic",2014-01-01,0,https://i.scdn.co/image/ab67616d0000b273fcb98e87a5f976811dd12e89
Apo 'Do Kai Pano,"Giannis Aggelakas, Oi Episkeptes",2005-01-01,29,https://i.scdn.co/image/ab67616d0000b273369830298d1fa0a82c99df67
Isyha Tragoudia Gia Anemela Livadia,"Giannis Aggelakas, Oi 100°C",2016-01-01,15,https://i.scdn.co/image/ab67616d0000b27383b673369ab46dd6fb583e55
Seventh Truth,Aziza Mustafa Zadeh,1996-04-29,11,https://i.scdn.co/image/ab67616d0000b273b9ac4d32461cb9768f63665b
Minutes to Midnight,Linkin Park,2007-05-14,76,https://i.scdn.co/image/ab67616d0000b2736e996745f2c7b8036abef213
12 Songs,Neil Diamond,2005,0,https://i.scdn.co/image/ab67616d0000b273ecaddbd7e060aae3567b2246
American II: Unchained,Johnny Cash,1996-01-01,0,https://i.scdn.co/image/ab67616d0000b273a860682a3feb35e85fcbd455
Unearthed,Johnny Cash,2003,0,https://i.scdn.co/image/ab67616d0000b273c1ecd34fcdff996f60939262
Death Magnetic,Metallica,2008-01-01,0,https://i.scdn.co/image/ab67616d0000b273b451b9befb219dd22be95185
Reign In Blood (Expanded),Slayer,1986-01-01,0,https://i.scdn.co/image/ab67616d0000b2732482a9bb1717fa223be8083f
Love & Hate,Michael Kiwanuka,2016-07-15,0,https://i.scdn.co/image/ab67616d0000b2733467eec43b75f9d07962d7dc
Coming From Reality,Rodríguez,1971-10-01,0,https://i.scdn.co/image/ab67616d0000b2734aabd8a8b72b3c18fae0321f
Cold Fact,Rodríguez,2008-08-19,0,https://i.scdn.co/image/ab67616d0000b273220243bc0bdb1effaf45246e
Searching For Sugar Man,Rodríguez,2012,0,https://i.scdn.co/image/ab67616d0000b27320da42c43db3ac35573f1f68
Get Rhythm - 30 Classic Tracks,Johnny Cash,2009-12-07,0,https://i.scdn.co/image/ab67616d0000b2734cb42325bdca540e3160c1dc
Katoptra,Sokratis Malamas,2017-01-02,18,https://i.scdn.co/image/ab67616d0000b27371d21f712286739a0073cf2a
Simera Vradiase Noris,Ioulia Karapataki,2015-07-28,6,https://i.scdn.co/image/ab67616d0000b273164664ddeb9d3d78bf72d40e
I Chreofiletes,Various Artists,2016-04-20,0,https://i.scdn.co/image/ab67616d0000b27354c09b012cf7787934ca4c48
Dansez le musette : la valse,Various Artists,1996-01-05,0,https://i.scdn.co/image/ab67616d0000b2737ab7b3b824302058b5a4b4ab
Psithyroi,Haris Alexiou,2000,0,https://i.scdn.co/image/ab67616d0000b273e0f8864c3c37520958d2a64d
Deka Edoles,Despina Vandi,1997-01-01,29,https://i.scdn.co/image/ab67616d0000b273b956d2dff196f136e441da8c
Profities,Despina Vandi,1999,24,https://i.scdn.co/image/ab67616d0000b273688bbf7acc918fcc965bbe3a
Singles - Despina Vandi,Despina Vandi,2007-02-19,0,https://i.scdn.co/image/ab67616d0000b273e4333a140feea4b8322dcb7b
Africa North,Various Artists,1999-04-20,0,https://i.scdn.co/image/ab67616d0000b273cf7ba64fae3ab27a62bd1794
Love Will Tear Us Apart,Joy Division,1980,23,https://i.scdn.co/image/ab67616d0000b273214bdc77bb905ff838e18fc3
Facce,Rosapaeda,1998-10-22,0,https://i.scdn.co/image/ab67616d0000b27333838a0cc85c626f66e11064
Paper Planes,M.I.A.,2008-10-13,0,https://i.scdn.co/image/ab67616d0000b273040701983a125d88ec86f1ec
I Want You,Lotte Kestner,2012-10-05,6,https://i.scdn.co/image/ab67616d0000b2734f892d1a0837e77e773402ac
La Conga Blicoti,Joséphine Baker,2011-12-05,7,https://i.scdn.co/image/ab67616d0000b273eb8fd3582f7cf2115725baaa
Irish Tour '74 (Live),Rory Gallagher,1974-07-21,0,https://i.scdn.co/image/ab67616d0000b2734bf8a883687e35ddaf1ecc16
Supernatural (Remastered),Santana,1999-06-15,64,https://i.scdn.co/image/ab67616d0000b27347eb3ea5a92904c19e102e54
Zaz,Zaz,2010-06-04,0,https://i.scdn.co/image/ab67616d0000b273d9823ad4a14fa3c778527de0
En La Imaginación,"Sílvia Pérez Cruz, Javier Colina Trío",2016-06-24,0,https://i.scdn.co/image/ab67616d0000b273b4cd61a5a7bf1187819c3ff3
To Zeimpekiko Tou Menousi,Various Artists,2015-12-11,0,https://i.scdn.co/image/ab67616d0000b273d5f2017145cb7c56b397191a
Yellow Productions: 20 Years of Music,Various Artists,2014-01-01,0,https://i.scdn.co/image/ab67616d0000b2735eb5f58e446f18d179ad5bdd
Buddha Bar - Best Of,Buddha-Bar,2013-11-25,44,https://i.scdn.co/image/ab67616d0000b2731a9be7530f56737a32d6d558
Sugar Lies,Peter Nalitch & Friends,2016-05-15,0,https://i.scdn.co/image/ab67616d0000b2739127c814bd6f0d8432f31d41
Lost In The Dream,The War On Drugs,2014-03-18,10,https://i.scdn.co/image/ab67616d0000b2733d26fed2a5a4e270a4485de6
Led Zeppelin II (Deluxe Edition),Led Zeppelin,1969-10-22,42,https://i.scdn.co/image/ab67616d0000b273a2bce1c979df5f4858c9bb59
Led Zeppelin III (Deluxe Edition),Led Zeppelin,1970-10-05,40,https://i.scdn.co/image/ab67616d0000b2734f08944b5cb3be8ca14ba705
Physical Graffiti (1994 Remaster),Led Zeppelin,1975-02-24,0,https://i.scdn.co/image/ab67616d0000b2732abc2d86a442efb6cc631d0a
Granada,"Sílvia Pérez Cruz, Raül Fernandez Miró",2014-01-01,0,https://i.scdn.co/image/ab67616d0000b27398e2aad42d97b562470f26d3
The Two Tenors and Qantara,"Al-Safi, Fakhri, Shaheen",2001,22,https://i.scdn.co/image/ab67616d0000b27348ae6ccddc28172274cd75a8
Djazaïr Johara,Hasna el Becharia,2001-01-01,15,https://i.scdn.co/image/ab67616d0000b273aa78a3791c7c625b63872496
Agoni Grammi,Mikres Periplaniseis,2007-08-11,0,https://i.scdn.co/image/ab67616d0000b273eaf1716e954d92e51df02220
The Freewheelin' Bob Dylan,Bob Dylan,1963-05-27,67,https://i.scdn.co/image/ab67616d0000b2737d214af8499aa95ad220f573
Violent Femmes,Violent Femmes,1983,0,https://i.scdn.co/image/ab67616d0000b273e189ca336471c85cf01d1635
Opou Agapas Kai Opou Gis,"Maria Anamaterou, Theologos Michellis",2009-07-20,13,https://i.scdn.co/image/ab67616d0000b273e65691d227fc365004bfeb7c
Istories,Maria Louka,2009-12-10,0,https://i.scdn.co/image/ab67616d0000b273c9a512260fa860956904bb2f
Kalimera,Maria Louka,2006-01-01,1,https://i.scdn.co/image/ab67616d0000b273371e69dd42991e1f664d83be
O Gios Tou Filaka,Vaggelis Fabas,2007-03-29,0,https://i.scdn.co/image/ab67616d0000b273fd946c09e63a7cb684bc8280
Pyli Tis Ammou,Various Artists,2007-10-04,11,https://i.scdn.co/image/ab67616d0000b27378e7ca31790c2899be3286dd
Aspromavres Istories - Afigisi II,Sokratis Malamas,2014-01-01,10,https://i.scdn.co/image/ab67616d0000b2736f6ba83ed59fc186d5664bc8
Grigora I Ora Perase,"Eleftheria Arvanitaki, Nikos Xydakis",2006-05-06,3,https://i.scdn.co/image/ab67616d0000b2730db64f6d2ff3e3ee301544f2
To Meli Ton Gkremon,Various Artists,2007-09-24,1,https://i.scdn.co/image/ab67616d0000b27346ddd39c12a89245452047ac
Imerologio,Various Artists,2007-09-24,2,https://i.scdn.co/image/ab67616d0000b2732d2ce08068eafa2e26c0887f
Imerologio Deftero,Nikos Xydakis,2005,0,https://i.scdn.co/image/ab67616d0000b273da424bfcffbc2f7036d77d85
Proto Vrady Stin Athina,"Nikos Xydakis, Glykeria, Manolis Lidakis",2015-06-10,9,https://i.scdn.co/image/ab67616d0000b2730bc6cb7d3f545d2690a57781
Venetsiana,Nikos Xydakis,2007-09-24,1,https://i.scdn.co/image/ab67616d0000b2738214452a295f46be421eda6c
Akrotirio Tenaron,"Nikos Xydakis, Dora Masklavanou, Eleftheria Arvanitaki",2007-09-24,4,https://i.scdn.co/image/ab67616d0000b2736b1edf54e724c1baf01335fd
Tenedos,"Nikos Xydakis, Eleftheria Arvanitaki, Dora Masklavanou",2007-11-05,12,https://i.scdn.co/image/ab67616d0000b273a64f41e5451e820bfe32813d
To Amartima Tis Mitros Mou,Nikos Xydakis,2008-12-30,1,https://i.scdn.co/image/ab67616d0000b2732d617d8025195392bb97b5d6
"Cairo, Nafplio, Khartoum",Nikos Xydakis,2007-01-01,2,https://i.scdn.co/image/ab67616d0000b2734492a075ebe6cdf97642c333
Russian And Slavonic Miniatures,Fritz Kreisler,2005-08-01,1,https://i.scdn.co/image/ab67616d0000b273fbf6227eaf239fc3d6505dac
Nashville Skyline,Bob Dylan,1969-04-09,60,https://i.scdn.co/image/ab67616d0000b27322debe1325cc21c9bb0c0b07
Little Girl Blue - The Greatest Hits,Nina Simone,2015-07-01,0,https://i.scdn.co/image/ab67616d0000b273b3de157a8da174f68837e402
Su La Take,Etienne Mbappe,2008-04-08,9,https://i.scdn.co/image/ab67616d0000b27364ae56a52e1634eb2364f065
Herencia: Canta José Larralde,Jose Larralde,1967-04-19,37,https://i.scdn.co/image/ab67616d0000b2739c4bd6d10af007b6d0c5c384
Father I Stretch My Hand to Thee,Dr. C.J. Johnson,1982-01-27,0,https://i.scdn.co/image/ab67616d0000b27348f735e910593266d4c61e14
Mini World,Indila,2014-01-01,0,https://i.scdn.co/image/ab67616d0000b2739abdd3f89b97298656b799f9
Pushin' Against a Stone,Valerie June,2013-05-06,0,https://i.scdn.co/image/ab67616d0000b273edc7f1210223701fa4a07667
Sound & Color,Alabama Shakes,2015-04-20,0,https://i.scdn.co/image/ab67616d0000b273965f1a626c0d8667af96d7d3
Horse Stories,Dirty Three,1996-01-01,0,https://i.scdn.co/image/ab67616d0000b2739665fff9a58a96ab96fe46de
My One And Only Thrill,Melody Gardot,2009,43,https://i.scdn.co/image/ab67616d0000b273dc621afbeefe1e0406bcfa91
Out Among The Stars,Johnny Cash,2014-03-25,43,https://i.scdn.co/image/ab67616d0000b273e80611564fb18d5ba07fce29
Essential 20th Century Classics,Various Artists,2013-01-11,0,https://i.scdn.co/image/ab67616d0000b273503f1736ec4fb86c03a1c64e
"Xanadiavazontas Ton Miki Theodoraki, Vol.1",Mikis Theodorakis,2016-01-03,10,https://i.scdn.co/image/ab67616d0000b273c7a5008bead85e1ae74133f3
Cruzando El Rio,Radio Tarifa,2000-03-04,21,https://i.scdn.co/image/ab67616d0000b273f7f23b50253a9d34baeafa4a
Fado,Carminho,2009-05-25,29,https://i.scdn.co/image/ab67616d0000b27312a66252143576f8a8de9619
DOROTHY,Dorothy,2014-12-15,0,https://i.scdn.co/image/ab67616d0000b2731e056646c163575060fe159f
21,Adele,2011-01-19,1,https://i.scdn.co/image/ab67616d0000b273ba764098164f221484bcc309
19,Adele,2008-01-28,0,https://i.scdn.co/image/ab67616d0000b2730a5d334a63fd4455ce83b38b
Sto Sirio Iparhoune Pedia,Various Artists,1988-01-01,27,https://i.scdn.co/image/ab67616d0000b2735fa84ab760dfd8e0f2562494
Isalos grammi,Yorgos Kazantzis,2008-12-15,0,https://i.scdn.co/image/ab67616d0000b27319ee99c6a685bd37643a3918
Kanenas Den to Xeri,Mihalis Haniotis,2014-11-19,2,https://i.scdn.co/image/ab67616d0000b2730760e1f44d02f3e26c66e1f8
Voices of Judea,Mark Eliyahu,2006-01-01,20,https://i.scdn.co/image/ab67616d0000b2733007027f715378ae99fd0420
Far From Home,Mariam Matossian,2004-06-07,6,https://i.scdn.co/image/ab67616d0000b273f7eb8f3d06f02ade9d6af8d6
Apo To Fos & To Skotadi,"Nikos Paraoulakis, Dimitris Papacharalambous",2014-05-16,1,https://i.scdn.co/image/ab67616d0000b273d3dd32a4f8cd8e5c0ce8ba41
Complete Guide to World Music Voices,Various Artists,2015-03-18,1,https://i.scdn.co/image/ab67616d0000b273f479879ffd22bf7fc876edbe
Melina Kana & O Gois Tou Thiseiou,Melina Kana,2014-12-12,0,https://i.scdn.co/image/ab67616d0000b273ec2a33efc32ced956cd8bd70
Juke Box (Live),Melina Kana,2004-11-22,2,https://i.scdn.co/image/ab67616d0000b2736b8b0249985728e2591d1581
Feggi Alliotika,Melina Kana,2003-10-23,17,https://i.scdn.co/image/ab67616d0000b273f56ab7db56593b53c3770c46
Tou Erota Ke Tis Figis,Dimitris Mitropanos,1998-01-01,38,https://i.scdn.co/image/ab67616d0000b273d54bf808da98b75712f8e1e1
From Draco's Cave,Babis Papadopoulos,2010-04-26,0,https://i.scdn.co/image/ab67616d0000b273eec3d4718b4412f9ee0b5833
Human Touch,Human Touch,2012-04-09,0,https://i.scdn.co/image/ab67616d0000b27383c36ac5eb54d76c99058a0d
Movin',Human Touch,2004-03-01,3,https://i.scdn.co/image/ab67616d0000b2731596b56157c9659ca1f9e492
En Athinais (Original Soundtrack from the Play),Various Artists,2009-05-15,0,https://i.scdn.co/image/ab67616d0000b2737f84cc1cc88c4109750bc1cf
Drawing in an Almond,Katerina Papadopoulou,2012,8,https://i.scdn.co/image/ab67616d0000b273dd41749191d143e763fd0281
Fusion Jazz in America,Various Artists,2014-10-14,0,https://i.scdn.co/image/ab67616d0000b27337632dad3cab95a0d2c97255
Orient Noir - A West-Eastern Divan,"Watcha Clan, Bi Kidude Baraka & More",2012-09-17,0,https://i.scdn.co/image/ab67616d0000b273621f1708a986f75bd60831f1
Crossover,Atlantic Brass Quintet,2014-03-18,0,https://i.scdn.co/image/ab67616d0000b273149a22ea4228a1676bb06caa
Rroma Art,Earth Wheel Sky Band,2014-04-07,0,https://i.scdn.co/image/ab67616d0000b273185ddbd4a745cec632883d35
Talar,Haig Yazdjian,1996-02-01,5,https://i.scdn.co/image/ab67616d0000b273d521980113c1cd427bc21268
Garin,Haig Yazdjian,1998-03-01,9,https://i.scdn.co/image/ab67616d0000b273f2b96476416921aeb3b2925e
Arras,"Mohamed Arafa, Haig Yazdjian",2003-03-01,3,https://i.scdn.co/image/ab67616d0000b273f9fb88514b0d21ec05f1e24f
Amalur,Haig Yazdjian,2007-10-01,4,https://i.scdn.co/image/ab67616d0000b27320198b53b18c086e04576608
The Greek Folk Instruments Vol.7 : Outi (Oud),"Haig Yazdjian, Antonis Apergis, The Mediterranean Soloists",1995,12,https://i.scdn.co/image/ab67616d0000b2739a8314a25b89d4f685b85353
Apo Oneiro Se Oneiro,Petros Dourdoubakis,1994-05-23,5,https://i.scdn.co/image/ab67616d0000b2732dcc5b1d06d23711127de5fb
Icaros,Antonis Apergis,2005-03-01,4,https://i.scdn.co/image/ab67616d0000b273d3b4a79a8d88975e43a76ca1
To Stefani,"Sofia Assichidou, Antonis Apergis",2005-03-17,8,https://i.scdn.co/image/ab67616d0000b273eb538af38e830f275fdd1c4b
Nihta Me Asteria (Starry Night),"Antonis Apergis, Lizeta Kalimeri, Kostas Pavlidis",2007-01-01,9,https://i.scdn.co/image/ab67616d0000b2732aad85cfd582cc2841f64357
In Our Nature,José González,2007-09-26,0,https://i.scdn.co/image/ab67616d0000b27343a5cf948888c8cde9a3faab
